#OTU ID	parkinsonfecalbacteria.C1	parkinsonfecalbacteria.C5	parkinsonfecalbacteria.C14	parkinsonfecalbacteria.C15	parkinsonfecalbacteria.C18	parkinsonfecalbacteria.C19	parkinsonfecalbacteria.C21	parkinsonfecalbacteria.C24	parkinsonfecalbacteria.C26	parkinsonfecalbacteria.C32	parkinsonfecalbacteria.C34	parkinsonfecalbacteria.C35	parkinsonfecalbacteria.C44	parkinsonfecalbacteria.C46	parkinsonfecalbacteria.C49	parkinsonfecalbacteria.C51	parkinsonfecalbacteria.C52	parkinsonfecalbacteria.C58	parkinsonfecalbacteria.C63	parkinsonfecalbacteria.C68	parkinsonfecalbacteria.C70	parkinsonfecalbacteria.C72	parkinsonfecalbacteria.C73	parkinsonfecalbacteria.C74	parkinsonfecalbacteria.C76	parkinsonfecalbacteria.C79	parkinsonfecalbacteria.C80	parkinsonfecalbacteria.C82	parkinsonfecalbacteria.C85	parkinsonfecalbacteria.C86	parkinsonfecalbacteria.C87	parkinsonfecalbacteria.C88	parkinsonfecalbacteria.C89	parkinsonfecalbacteria.C90	parkinsonfecalbacteria.C95	parkinsonfecalbacteria.C98	parkinsonfecalbacteria.C102	parkinsonfecalbacteria.C103	parkinsonfecalbacteria.C104	parkinsonfecalbacteria.C105	parkinsonfecalbacteria.C107	parkinsonfecalbacteria.C111	parkinsonfecalbacteria.C114	parkinsonfecalbacteria.C116	parkinsonfecalbacteria.C118	parkinsonfecalbacteria.C119	parkinsonfecalbacteria.C123	parkinsonfecalbacteria.C124	parkinsonfecalbacteria.C134	parkinsonfecalbacteria.C135	parkinsonfecalbacteria.C136	parkinsonfecalbacteria.C137	parkinsonfecalbacteria.C142	parkinsonfecalbacteria.C143	parkinsonfecalbacteria.C146	parkinsonfecalbacteria.P8	parkinsonfecalbacteria.P9	parkinsonfecalbacteria.P11	parkinsonfecalbacteria.P12	parkinsonfecalbacteria.P16	parkinsonfecalbacteria.P17	parkinsonfecalbacteria.P24	parkinsonfecalbacteria.P26	parkinsonfecalbacteria.P28	parkinsonfecalbacteria.P31	parkinsonfecalbacteria.P34	parkinsonfecalbacteria.P37	parkinsonfecalbacteria.P41	parkinsonfecalbacteria.P42	parkinsonfecalbacteria.P43	parkinsonfecalbacteria.P45	parkinsonfecalbacteria.P50	parkinsonfecalbacteria.P51	parkinsonfecalbacteria.P53	parkinsonfecalbacteria.P56	parkinsonfecalbacteria.P57	parkinsonfecalbacteria.P59	parkinsonfecalbacteria.P61	parkinsonfecalbacteria.P63	parkinsonfecalbacteria.P65	parkinsonfecalbacteria.P66	parkinsonfecalbacteria.P68	parkinsonfecalbacteria.P69	parkinsonfecalbacteria.P71	parkinsonfecalbacteria.P73	parkinsonfecalbacteria.P74	parkinsonfecalbacteria.P77	parkinsonfecalbacteria.P79	parkinsonfecalbacteria.P83	parkinsonfecalbacteria.P85	parkinsonfecalbacteria.P87	parkinsonfecalbacteria.P88	parkinsonfecalbacteria.P93	parkinsonfecalbacteria.P94	parkinsonfecalbacteria.P95	parkinsonfecalbacteria.P99	parkinsonfecalbacteria.P100	parkinsonfecalbacteria.P103	parkinsonfecalbacteria.P105	parkinsonfecalbacteria.P107	parkinsonfecalbacteria.P112	parkinsonfecalbacteria.P113	parkinsonfecalbacteria.P114	parkinsonfecalbacteria.P115	parkinsonfecalbacteria.P116	parkinsonfecalbacteria.P117	parkinsonfecalbacteria.P119	parkinsonfecalbacteria.P120
k__Bacteria._.p__._.c__._.o__._.f__._.g__	66	51	37	37	140	52	119	27	48	0	168	309	55	38	1	16	26	588	3	86	35	36	65	705	107	416	260	72	141	201	194	4	878	173	441	0	112	92	236	350	13	192	4	2	29	22	243	106	146	411	270	151	15	700	121	69	4	658	1	5	41	203	4	233	47	683	143	77	168	23	1117	166	81	368	81	242	0	78	44	379	138	308	393	55	73	171	121	185	40	75	538	381	293	38	2	44	214	282	11	181	514	124	1109	132	112	142	189	178
k__Bacteria._.p__Actinobacteria._.c__Actinobacteria._.o__._.f__._.g__	0	0	0	0	0	0	1	0	0	0	0	2	0	0	0	0	0	2	0	0	1	0	0	0	0	0	0	0	0	0	0	0	0	0	0	0	0	0	0	0	0	0	0	0	0	0	0	0	0	0	0	0	0	0	0	1	0	0	0	0	0	0	2	0	0	0	0	0	0	0	0	0	0	0	0	0	0	0	0	5	0	0	0	1	0	0	0	0	0	0	0	0	0	0	0	0	1	0	0	0	0	0	0	0	1	0	0	0
k__Bacteria._.p__Actinobacteria._.c__Actinobacteria._.o__Coriobacteriales._.f__Coriobacteriaceae._.g__	0	0	0	0	0	0	0	0	0	0	0	5	0	0	0	0	1	3	0	0	0	0	0	0	0	0	0	0	0	0	0	0	0	0	0	0	1	2	1	0	0	0	0	0	0	0	0	0	0	0	1	0	0	0	0	0	0	0	0	0	0	0	0	0	0	0	0	2	0	0	0	0	0	2	0	0	0	0	0	1	1	0	0	0	1	0	0	1	0	0	0	0	0	0	0	0	0	0	0	0	0	0	0	0	0	0	2	2
k__Bacteria._.p__Actinobacteria._.c__Actinobacteria._.o__Coriobacteriales._.f__Coriobacteriaceae._.g__Adlercreutzia	0	0	0	0	0	0	0	0	1	0	0	2	0	0	0	0	0	0	0	0	0	0	0	0	12	1	0	0	0	0	1	0	0	0	0	0	0	0	0	1	0	0	0	0	0	0	0	0	0	0	2	0	3	0	0	0	0	0	0	0	0	0	0	0	0	0	0	1	0	0	0	0	0	0	0	0	1	0	0	1	0	0	0	0	0	0	0	0	0	0	0	0	0	1	0	0	0	0	0	0	2	0	0	0	1	0	0	0
k__Bacteria._.p__Actinobacteria._.c__Actinobacteria._.o__Coriobacteriales._.f__Coriobacteriaceae._.g__Eggerthella	0	0	0	0	0	0	2	0	3	0	1	0	0	0	0	0	0	0	0	0	0	0	0	0	0	0	0	1	1	0	0	0	0	4	0	0	0	0	2	0	4	1	0	0	0	0	0	0	0	0	2	38	1	0	0	0	0	0	1	1	1	0	0	0	0	0	5	0	0	0	2	11	0	0	0	0	0	0	0	3	9	1	0	0	0	0	0	0	3	5	6	0	0	0	0	0	0	1	1	0	0	0	0	0	0	0	1	4
k__Bacteria._.p__Bacteroidetes._.c__._.o__._.f__._.g__	2	0	0	2	0	44	0	0	0	0	1	13	1	0	7	0	0	0	0	0	0	3	0	5	0	0	0	318	2	0	4	2	1	0	23	0	0	0	89	1	0	41	1	0	2	3	194	78	0	20	18	0	0	168	0	0	0	0	0	0	3	8	0	0	1	0	338	0	0	3	82	6	6	9	1	0	0	0	10	7	6	178	0	2	0	0	0	4	111	0	2	0	4	0	0	8	2	1	35	0	7	1	0	0	6	0	0	1
k__Bacteria._.p__Bacteroidetes._.c__Bacteroidia._.o__Bacteroidales._.f__._.g__	0	0	0	511	2	1	0	0	0	0	1	0	1	0	3	0	0	0	6	50	0	0	7	161	0	0	3	0	46	0	1	0	12	0	0	0	0	0	0	0	0	0	0	0	0	0	24	0	24	0	134	0	0	0	0	0	0	0	3	0	4	0	0	0	0	0	54	0	7	0	0	260	0	0	0	0	0	3	0	2	0	0	0	0	0	0	246	0	64	0	0	0	0	12	0	0	28	0	0	48	30	1	0	137	2	0	0	36
k__Bacteria._.p__Bacteroidetes._.c__Bacteroidia._.o__Bacteroidales._.f__Bacteroidaceae._.g__Bacteroides	713	791	477	150	528	474	226	88	430	298	601	688	142	1156	1051	1364	763	156	1163	84	775	1276	153	263	811	333	45	149	346	810	442	1168	145	524	632	1390	1241	803	460	110	410	339	460	179	238	1314	266	103	179	718	348	782	882	323	500	647	952	399	1279	447	809	239	1016	711	279	341	313	305	417	792	118	479	431	512	915	214	1355	571	394	71	504	465	594	568	1079	388	136	873	317	644	67	443	350	662	1245	467	415	155	422	234	653	115	189	787	560	1205	240	253
k__Bacteria._.p__Bacteroidetes._.c__Bacteroidia._.o__Bacteroidales._.f__Porphyromonadaceae._.g__	0	0	0	0	2	0	0	10	4	1	14	13	0	0	0	0	4	0	0	0	119	0	0	1	0	2	3	3	169	0	4	0	0	7	1	3	10	25	1	0	0	150	0	0	0	0	38	0	1	0	8	0	11	7	13	0	8	0	2	0	1	0	0	0	0	0	0	0	0	0	0	0	15	0	0	1	40	10	16	3	10	0	2	0	18	8	3	0	3	4	0	0	1	0	7	0	11	6	6	1	0	8	5	138	0	0	6	0
k__Bacteria._.p__Bacteroidetes._.c__Bacteroidia._.o__Bacteroidales._.f__Porphyromonadaceae._.g__Barnesiella	0	0	41	19	16	4	0	39	33	0	8	4	0	13	46	0	21	5	40	7	38	0	9	6	16	20	19	7	7	29	0	0	41	10	17	13	0	0	0	37	10	2	44	0	26	0	56	0	1	0	35	0	33	3	0	0	0	66	16	0	11	0	9	74	31	41	24	0	30	185	32	11	49	51	8	2	9	48	0	10	56	25	10	26	57	0	16	11	5	76	31	0	32	0	0	44	36	6	7	71	39	15	25	10	0	0	5	3
k__Bacteria._.p__Bacteroidetes._.c__Bacteroidia._.o__Bacteroidales._.f__Porphyromonadaceae._.g__Butyricimonas	0	0	0	5	0	0	0	0	0	0	1	1	0	1	2	0	1	0	0	0	0	0	0	0	0	0	0	0	0	2	1	0	5	1	1	0	0	0	0	0	1	1	5	0	0	0	1	0	0	0	0	0	3	0	0	1	0	1	2	0	0	0	0	0	3	0	0	0	0	0	2	5	0	0	0	0	0	0	1	0	1	1	0	0	0	0	0	0	1	2	0	0	1	2	0	2	0	0	0	0	0	1	0	0	0	0	0	1
k__Bacteria._.p__Bacteroidetes._.c__Bacteroidia._.o__Bacteroidales._.f__Porphyromonadaceae._.g__Odoribacter	18	0	0	0	5	13	4	5	5	2	22	22	1	12	8	0	8	1	17	20	27	5	5	4	16	10	28	17	12	3	13	13	1	11	14	15	11	10	20	14	4	9	0	0	14	3	32	0	17	0	8	9	8	11	14	0	17	0	6	0	7	16	11	9	7	10	0	0	0	2	41	4	10	7	14	6	0	4	18	4	18	16	29	0	12	0	9	10	30	17	2	8	17	30	32	4	12	0	6	25	29	2	17	4	0	15	6	1
k__Bacteria._.p__Bacteroidetes._.c__Bacteroidia._.o__Bacteroidales._.f__Porphyromonadaceae._.g__Parabacteroides	129	31	46	121	6	21	25	9	8	16	48	50	12	10	27	41	22	23	80	2	41	285	14	9	49	58	14	17	65	114	201	84	29	63	103	93	0	48	38	29	19	35	54	1	104	18	20	13	7	0	35	0	17	10	24	131	11	26	50	75	23	26	16	25	27	73	15	59	75	25	21	18	17	23	122	22	68	21	18	86	57	13	96	40	0	18	54	48	69	47	4	18	54	13	42	22	18	12	30	28	23	13	28	11	60	79	15	12
k__Bacteria._.p__Bacteroidetes._.c__Bacteroidia._.o__Bacteroidales._.f__Prevotellaceae._.g__	137	0	0	804	0	0	0	0	0	0	225	0	0	0	0	0	0	20	0	626	0	297	0	124	332	0	0	0	0	0	0	0	0	0	39	0	0	0	72	0	794	1	0	0	142	0	0	39	511	0	0	0	0	37	0	0	0	0	0	0	0	0	0	0	0	4	0	0	0	0	0	0	140	0	0	0	0	0	483	0	0	0	0	0	0	0	0	0	1345	0	0	0	0	0	0	0	0	0	0	0	0	27	0	0	0	0	0	0
k__Bacteria._.p__Bacteroidetes._.c__Bacteroidia._.o__Bacteroidales._.f__Prevotellaceae._.g__Alloprevotella	0	0	0	0	0	0	0	0	0	0	0	0	0	0	0	0	0	0	0	0	0	0	0	0	0	0	0	0	0	0	0	0	0	0	0	0	0	0	0	0	0	0	0	0	0	0	0	3	0	0	0	0	0	0	0	0	0	0	0	0	0	0	0	0	0	0	0	0	0	0	0	0	0	0	0	0	0	0	0	0	0	0	0	0	0	0	0	0	0	0	0	0	0	0	0	0	0	0	0	0	0	0	0	0	0	0	0	0
k__Bacteria._.p__Bacteroidetes._.c__Bacteroidia._.o__Bacteroidales._.f__Prevotellaceae._.g__Paraprevotella	3	0	0	0	0	14	0	0	0	0	0	0	3	12	109	0	0	0	0	0	0	0	0	34	29	0	0	0	0	0	0	0	0	0	72	30	0	0	30	0	0	8	1	0	0	0	15	6	0	0	0	0	0	12	0	0	0	0	0	0	13	0	0	0	0	0	10	0	0	0	1	0	41	29	0	0	0	0	0	4	92	0	0	0	0	0	0	0	50	0	0	0	0	34	0	14	0	1	0	0	0	1	6	0	2	0	0	0
k__Bacteria._.p__Bacteroidetes._.c__Bacteroidia._.o__Bacteroidales._.f__Prevotellaceae._.g__Prevotella	322	0	0	0	0	398	1	0	0	1669	2	0	1338	0	0	0	0	2	0	0	1	1	1363	75	2	6	0	1212	5	0	0	0	0	0	569	0	0	0	505	1	0	1	2	0	812	1	449	272	122	0	0	0	31	87	0	21	0	0	2	0	0	0	3	1	0	0	7	0	0	0	2	0	39	0	0	0	0	0	0	0	0	0	0	0	0	0	0	0	0	2	404	0	0	0	0	1	1	0	0	16	1	0	0	0	0	0	2	223
k__Bacteria._.p__Bacteroidetes._.c__Bacteroidia._.o__Bacteroidales._.f__Rikenellaceae._.g__Alistipes	19	27	185	75	10	25	519	19	30	17	72	188	7	23	26	15	41	37	67	5	54	168	14	99	27	142	242	38	10	119	121	50	44	155	98	32	75	170	22	78	11	4	38	16	69	61	27	7	12	0	87	142	38	9	16	160	144	28	134	304	103	62	17	89	27	73	38	88	60	100	76	31	43	22	71	26	14	15	38	23	165	108	47	88	269	128	14	47	39	79	6	47	393	59	163	423	120	35	30	34	76	30	54	28	157	89	58	23
k__Bacteria._.p__Firmicutes._.c__._.o__._.f__._.g__	11	4	3	3	41	5	5	26	0	7	2	55	6	0	6	5	11	17	7	7	8	19	32	2	3	8	33	1	21	1	25	0	80	4	29	8	0	9	14	60	6	8	0	5	2	20	2	0	44	3	20	42	0	53	0	6	13	14	1	23	2	26	3	5	2	23	2	28	4	1	9	3	13	13	24	8	0	31	1	16	8	23	18	6	1	19	9	2	6	5	63	18	40	7	0	7	11	14	9	14	6	43	6	7	4	0	2	0
k__Bacteria._.p__Firmicutes._.c__Bacilli._.o__Lactobacillales._.f__Lactobacillaceae._.g__Lactobacillus	0	0	0	0	0	0	0	0	0	0	0	0	4	0	0	0	0	0	0	0	0	0	0	2	0	0	0	0	2	1	0	0	0	0	0	0	0	3	0	0	0	0	0	0	0	0	0	0	0	0	0	0	0	1	3	46	6	0	0	0	3	0	89	1	0	34	0	90	0	0	0	0	0	2	10	0	21	0	0	3	0	1	1	0	0	0	0	0	0	1	0	19	0	0	0	0	0	15	0	0	0	0	4	0	0	0	0	0
k__Bacteria._.p__Firmicutes._.c__Bacilli._.o__Lactobacillales._.f__Streptococcaceae._.g__Lactococcus	0	0	0	0	0	0	0	0	0	0	0	0	0	0	0	0	0	3	0	0	0	0	0	0	10	0	2	0	0	0	0	0	0	0	0	0	0	0	0	0	0	0	2	0	1	0	0	0	0	0	0	0	0	0	0	0	0	0	0	1	0	0	0	0	0	0	0	0	0	0	0	0	0	0	0	0	0	0	1	0	0	0	0	0	0	0	0	0	0	0	8	0	0	0	0	2	1	0	0	0	0	0	0	0	0	0	0	0
k__Bacteria._.p__Firmicutes._.c__Bacilli._.o__Lactobacillales._.f__Streptococcaceae._.g__Streptococcus	1	0	5	1	2	4	4	4	0	1	0	48	24	0	2	25	0	10	1	1	10	6	0	7	11	11	13	10	1	0	0	7	56	1	1	1	1	44	15	7	22	0	9	10	19	1	5	3	2	4	6	0	5	4	15	0	1	0	0	24	0	15	22	2	4	2	182	28	1	2	0	4	6	2	3	1	16	16	1	49	4	24	3	0	1	5	16	3	8	14	0	8	2	1	2	0	1	0	0	13	4	0	105	1	2	6	3	4
k__Bacteria._.p__Firmicutes._.c__Clostridia._.o__._.f__._.g__	0	1	0	4	0	1	0	0	0	0	0	1	0	0	0	0	0	32	0	0	0	1	1	1	2	0	10	0	0	0	0	0	14	0	0	0	0	0	15	33	0	3	0	0	0	0	6	0	1	0	0	1	0	2	0	0	0	7	0	1	1	0	0	2	0	2	7	0	0	0	8	0	1	2	0	16	0	0	9	0	6	0	0	0	1	1	0	1	0	4	0	0	3	0	0	1	19	9	15	8	0	1	1	6	3	0	0	0
k__Bacteria._.p__Firmicutes._.c__Clostridia._.o__Clostridiales._.f__._.g__	193	68	41	104	262	77	205	156	32	19	240	183	53	83	11	16	12	312	10	174	109	420	101	308	137	121	160	230	222	156	106	25	608	262	354	13	23	80	411	328	38	165	53	342	346	29	297	136	168	261	121	43	92	296	140	132	17	309	23	136	117	285	187	290	112	218	125	152	80	45	272	126	136	440	45	181	8	152	103	368	238	474	193	220	207	102	322	380	206	637	87	148	296	183	5	231	254	642	148	356	442	1082	672	286	124	34	240	143
k__Bacteria._.p__Firmicutes._.c__Clostridia._.o__Clostridiales._.f__Clostridiaceae_1._.g__	0	0	0	0	0	0	0	0	0	0	0	0	0	0	0	0	0	0	0	0	0	0	0	0	0	0	0	0	0	0	0	0	0	3	0	0	0	0	0	0	0	0	0	0	0	0	0	0	0	0	0	0	0	0	0	0	0	0	0	0	0	0	0	0	0	0	0	0	0	0	0	0	0	0	0	0	0	0	0	0	0	0	0	0	0	0	0	0	0	0	0	0	0	0	0	0	0	0	0	0	0	0	0	0	0	0	0	4
k__Bacteria._.p__Firmicutes._.c__Clostridia._.o__Clostridiales._.f__Clostridiaceae_1._.g__Clostridium_sensu_stricto	0	0	55	40	13	8	0	2	2	3	0	12	1	0	5	1	10	0	0	7	14	0	21	13	0	1	0	3	1	16	9	17	0	1	5	0	0	13	15	0	16	16	0	0	17	0	0	0	4	2	0	1	0	1	341	0	1	0	0	0	0	1	26	0	4	0	1	0	33	0	0	1	0	1	0	0	0	0	0	0	14	1	4	35	0	0	6	70	4	1	4	0	0	1	0	0	1	0	1	0	0	0	0	2	1	0	5	5
k__Bacteria._.p__Firmicutes._.c__Clostridia._.o__Clostridiales._.f__Clostridiales_Incertae_Sedis_XI._.g__	0	0	0	0	0	0	0	1	0	0	3	0	0	0	0	0	0	0	0	0	0	0	0	0	0	0	0	0	0	0	0	0	0	0	0	0	0	0	0	0	0	0	3	3	0	0	0	0	0	0	0	0	0	0	0	0	0	0	0	0	0	0	0	0	0	0	6	0	0	0	0	0	7	0	0	0	0	0	0	0	0	0	0	0	0	0	0	0	0	8	0	0	0	0	0	0	0	1	1	0	0	0	0	0	0	0	0	0
k__Bacteria._.p__Firmicutes._.c__Clostridia._.o__Clostridiales._.f__Clostridiales_Incertae_Sedis_XII._.g__	0	3	0	3	0	0	4	0	0	0	0	0	1	0	1	3	1	8	1	0	0	0	0	0	3	0	4	0	0	0	4	0	0	0	0	0	0	0	0	0	0	0	3	2	0	2	0	0	0	0	3	0	0	0	0	0	0	0	0	0	0	4	0	1	1	1	0	1	3	0	0	2	3	4	2	2	0	0	2	0	5	2	0	1	0	0	0	7	0	9	0	0	0	0	0	0	0	0	0	0	1	0	0	0	0	3	0	0
k__Bacteria._.p__Firmicutes._.c__Clostridia._.o__Clostridiales._.f__Clostridiales_Incertae_Sedis_XIII._.g__	0	2	0	0	1	0	1	3	4	0	0	2	1	0	1	10	0	0	0	1	0	0	0	1	2	9	0	0	0	0	3	0	2	3	0	0	0	3	0	1	1	1	58	0	0	0	0	0	0	6	0	0	0	0	0	2	1	25	2	1	0	1	22	1	0	0	0	0	3	1	0	0	0	5	2	0	0	0	1	6	0	0	0	0	0	9	2	0	0	9	2	2	0	0	0	0	1	0	2	0	11	0	2	1	2	0	2	0
k__Bacteria._.p__Firmicutes._.c__Clostridia._.o__Clostridiales._.f__Clostridiales_Incertae_Sedis_XIII._.g__Anaerovorax	1	0	0	0	2	0	1	0	0	1	0	1	1	1	0	0	0	0	0	5	0	0	0	1	0	0	0	0	2	2	0	0	2	4	0	0	0	0	2	2	0	0	0	0	3	0	0	1	1	0	0	0	0	2	0	1	0	0	1	7	1	0	0	0	0	1	0	0	0	0	6	1	0	1	0	0	0	0	0	2	0	0	1	1	0	0	0	0	1	1	1	0	2	1	0	2	3	0	0	16	0	1	4	2	0	0	0	0
k__Bacteria._.p__Firmicutes._.c__Clostridia._.o__Clostridiales._.f__Lachnospiraceae._.g__	55	107	52	80	128	222	70	75	77	50	139	146	178	91	29	69	201	86	52	113	60	188	72	131	46	65	145	82	59	66	17	160	150	42	181	105	146	47	572	399	39	399	78	10	91	363	245	53	292	133	142	223	51	229	303	46	21	11	4	16	118	49	62	105	102	174	40	58	257	99	131	43	34	185	47	71	9	73	100	218	158	216	42	150	54	176	318	129	380	42	53	22	53	31	3	162	59	223	193	203	65	78	17	269	85	80	30	262
k__Bacteria._.p__Firmicutes._.c__Clostridia._.o__Clostridiales._.f__Lachnospiraceae._.g__Blautia	27	6	12	18	7	28	30	46	41	5	21	23	3	8	18	58	21	54	8	12	10	19	41	31	22	42	122	17	41	25	67	18	31	78	112	27	9	72	33	54	20	49	55	106	11	36	59	61	25	33	42	109	21	42	27	1	37	3	5	12	1	49	5	22	21	10	24	46	65	16	23	25	53	19	11	69	5	32	20	33	51	75	31	6	23	37	3	19	19	44	41	32	47	33	0	15	17	8	29	13	57	6	27	21	53	39	86	14
k__Bacteria._.p__Firmicutes._.c__Clostridia._.o__Clostridiales._.f__Lachnospiraceae._.g__Clostridium_XlVa	6	12	6	14	11	13	5	7	9	23	6	27	3	13	40	12	30	6	62	5	21	4	10	24	21	10	5	12	4	50	15	212	0	1	11	49	96	4	16	4	7	20	9	1	28	15	30	1	9	51	22	87	17	10	33	1	21	9	23	9	34	2	19	9	8	14	5	2	18	14	3	19	13	1	65	2	2	5	10	1	2	0	3	18	28	8	6	6	24	7	4	2	1	4	143	56	0	8	8	14	13	1	14	27	18	40	0	7
k__Bacteria._.p__Firmicutes._.c__Clostridia._.o__Clostridiales._.f__Lachnospiraceae._.g__Clostridium_XlVb	2	2	0	0	0	1	0	0	4	0	2	0	0	0	3	0	1	0	0	0	0	0	0	0	0	0	0	1	0	8	1	0	0	0	0	0	7	0	0	0	0	0	5	0	5	1	5	0	0	0	0	12	0	0	0	3	0	0	0	0	3	0	3	0	1	0	0	0	3	2	0	0	3	0	16	3	3	16	0	0	0	0	0	0	0	0	0	0	1	0	0	0	0	1	0	2	0	0	0	2	0	0	0	1	0	0	1	0
k__Bacteria._.p__Firmicutes._.c__Clostridia._.o__Clostridiales._.f__Lachnospiraceae._.g__Coprococcus	35	34	6	9	10	21	50	21	13	30	67	11	2	97	0	69	16	106	2	30	6	78	59	68	21	121	184	131	20	81	0	33	22	14	15	0	12	0	120	59	49	71	30	53	83	9	26	94	20	26	44	0	60	6	40	8	29	55	21	25	5	43	1	7	167	12	24	0	5	12	39	8	42	192	10	158	3	43	62	7	13	207	2	0	12	4	45	55	150	27	10	164	224	21	0	19	38	3	88	30	17	0	6	0	212	2	134	115
k__Bacteria._.p__Firmicutes._.c__Clostridia._.o__Clostridiales._.f__Lachnospiraceae._.g__Dorea	3	1	5	2	4	2	3	3	2	3	1	11	0	2	0	11	3	3	4	1	0	0	7	5	4	8	21	2	0	0	2	6	1	16	64	4	14	7	6	10	10	1	13	11	14	8	8	20	1	4	10	0	15	10	3	1	4	2	2	0	5	2	2	0	2	1	5	20	3	1	3	6	17	2	0	5	0	2	4	10	6	0	3	1	5	0	1	2	8	14	9	4	0	2	0	0	2	9	3	2	9	0	24	1	4	29	3	1
k__Bacteria._.p__Firmicutes._.c__Clostridia._.o__Clostridiales._.f__Lachnospiraceae._.g__Lachnoanaerobaculum	0	1	0	0	0	0	0	0	3	0	0	1	0	0	0	0	0	0	0	0	0	2	0	0	2	0	0	0	0	0	9	0	0	0	1	0	0	0	2	5	0	0	0	0	1	2	0	2	0	3	0	1	1	0	0	3	0	0	0	1	0	0	0	0	0	0	0	0	1	0	0	0	1	0	1	0	0	0	1	3	3	2	0	0	0	0	0	1	0	2	0	0	2	1	0	0	3	3	0	0	0	0	1	0	0	0	2	0
k__Bacteria._.p__Firmicutes._.c__Clostridia._.o__Clostridiales._.f__Lachnospiraceae._.g__Lachnobacterium	0	2	0	7	0	17	5	2	0	1	0	0	0	0	0	0	0	0	0	4	0	0	18	0	12	0	2	0	0	0	0	0	0	10	2	0	0	0	2	0	0	0	0	0	2	0	0	5	1	0	0	0	0	3	1	0	0	0	0	0	0	5	0	0	2	0	0	0	2	2	0	0	0	0	0	2	0	0	0	2	1	2	4	306	2	0	18	0	1	0	0	0	3	0	0	12	0	0	0	0	3	0	0	0	0	11	0	0
k__Bacteria._.p__Firmicutes._.c__Clostridia._.o__Clostridiales._.f__Lachnospiraceae._.g__Lachnospiracea_incertae_sedis	76	80	213	930	638	104	113	131	355	75	57	257	23	114	117	391	431	163	65	382	372	254	512	116	390	160	214	97	97	613	338	388	114	39	46	455	40	177	178	87	150	106	28	7	54	309	245	75	314	109	206	48	398	136	525	146	19	181	95	205	262	184	12	93	196	232	121	577	71	118	105	394	79	271	130	156	8	251	96	51	249	94	183	38	34	117	122	533	205	45	170	141	75	254	16	22	87	46	330	116	243	50	62	271	346	234	255	92
k__Bacteria._.p__Firmicutes._.c__Clostridia._.o__Clostridiales._.f__Lachnospiraceae._.g__Marvinbryantia	0	0	0	0	0	0	0	0	0	0	1	0	0	0	0	0	11	0	39	0	0	0	2	0	0	0	0	4	0	0	0	0	0	0	0	0	0	0	0	0	0	0	0	0	1	0	0	0	0	1	0	6	0	0	0	0	0	6	0	0	0	0	0	0	1	0	0	0	0	0	0	0	0	0	3	0	0	0	0	0	0	0	0	0	0	0	0	0	2	0	0	0	0	0	0	2	0	0	0	0	0	0	0	0	0	4	0	0
k__Bacteria._.p__Firmicutes._.c__Clostridia._.o__Clostridiales._.f__Lachnospiraceae._.g__Roseburia	313	82	409	175	78	115	3	89	65	36	2	14	33	176	71	21	58	3	8	26	188	11	53	30	11	0	5	28	363	43	53	36	8	54	99	66	84	256	140	19	146	0	2	0	115	48	50	2	75	23	14	106	14	53	252	0	152	1	6	13	56	103	58	2	327	0	10	20	303	75	2	17	15	124	8	164	325	61	128	10	4	46	28	5	40	1	26	6	158	2	11	13	1	8	3	2	3	11	76	24	119	23	12	11	21	316	1	46
k__Bacteria._.p__Firmicutes._.c__Clostridia._.o__Clostridiales._.f__Lachnospiraceae._.g__Ruminococcus2	9	14	12	25	9	4	7	9	6	2	3	29	5	18	4	43	20	8	23	5	3	7	8	9	4	16	23	4	9	14	27	14	0	9	27	0	17	37	9	50	13	0	410	275	22	21	17	13	5	1	26	59	37	17	17	10	13	1	40	44	14	20	22	13	4	7	6	0	16	3	0	17	63	6	91	4	0	7	9	6	16	7	0	15	5	29	6	13	36	25	10	28	1	64	13	45	12	1	7	8	53	3	7	7	7	18	37	18
k__Bacteria._.p__Firmicutes._.c__Clostridia._.o__Clostridiales._.f__Lachnospiraceae._.g__Syntrophococcus	48	46	19	12	1	13	40	15	80	3	59	60	5	4	58	126	32	108	26	2	12	103	23	80	17	69	233	5	0	29	115	44	8	265	120	3	11	21	4	97	57	29	4	0	67	121	14	48	21	34	41	65	95	6	9	3	18	16	1	19	23	19	0	26	29	2	13	19	0	4	3	29	32	11	12	29	0	42	28	10	99	31	39	0	4	36	20	25	80	89	8	19	47	109	0	17	8	17	8	20	132	0	1	41	17	39	82	2
k__Bacteria._.p__Firmicutes._.c__Clostridia._.o__Clostridiales._.f__Peptostreptococcaceae._.g__Clostridium_XI	0	0	0	0	0	2	1	1	0	2	0	1	0	7	1	0	0	1	0	1	0	0	0	5	0	0	3	7	0	0	0	14	0	0	2	0	0	0	7	0	1	0	0	0	2	0	0	0	2	0	0	0	0	3	11	0	0	0	0	0	0	2	0	0	0	0	1	4	2	0	0	0	0	1	0	0	0	0	0	0	1	2	0	0	0	1	1	2	0	1	0	0	0	0	0	1	0	0	0	1	0	1	0	0	0	3	0	4
k__Bacteria._.p__Firmicutes._.c__Clostridia._.o__Clostridiales._.f__Ruminococcaceae._.g__	307	358	463	227	77	125	604	752	186	57	346	547	127	206	64	386	401	431	15	301	158	379	214	426	456	518	418	478	361	331	343	153	444	490	401	5	133	255	520	946	591	223	323	680	706	382	383	142	223	584	619	129	180	640	230	402	170	446	212	592	291	407	95	289	312	540	347	108	70	205	475	515	465	851	112	296	10	204	393	262	158	589	74	255	840	329	164	326	231	1160	578	316	205	181	91	494	806	595	373	522	649	596	242	757	250	53	512	240
k__Bacteria._.p__Firmicutes._.c__Clostridia._.o__Clostridiales._.f__Ruminococcaceae._.g__Acetanaerobacterium	0	2	0	1	0	0	0	0	0	0	0	2	0	0	2	0	0	1	0	0	0	0	0	1	0	0	0	0	0	0	3	0	0	0	0	1	0	3	0	0	0	0	0	0	0	0	0	0	0	1	0	1	0	0	0	0	0	2	0	0	0	0	0	0	0	1	0	0	2	1	0	1	0	0	0	0	0	0	0	0	1	2	0	0	0	0	0	0	0	0	0	1	0	0	0	3	0	0	0	0	1	0	0	0	0	0	0	0
k__Bacteria._.p__Firmicutes._.c__Clostridia._.o__Clostridiales._.f__Ruminococcaceae._.g__Anaerofilum	2	0	1	3	0	0	0	0	0	0	2	3	0	0	2	0	0	16	0	0	0	8	0	1	1	0	1	0	1	0	3	0	0	0	3	1	0	1	0	0	2	0	6	0	0	1	0	0	0	0	3	3	3	0	0	0	0	8	13	3	1	6	5	0	0	0	12	3	0	0	3	0	24	0	4	0	1	0	0	1	0	0	1	2	0	1	0	0	2	1	1	4	1	0	0	5	0	3	1	0	0	0	14	0	0	0	2	0
k__Bacteria._.p__Firmicutes._.c__Clostridia._.o__Clostridiales._.f__Ruminococcaceae._.g__Butyricicoccus	3	2	9	11	7	9	1	0	4	7	5	5	4	5	0	3	7	3	5	3	4	1	2	18	7	1	2	19	11	21	10	2	0	2	8	7	29	4	12	6	2	2	3	0	8	6	9	5	5	5	10	0	0	2	50	1	1	2	2	0	5	9	0	4	2	1	3	18	0	5	0	2	3	4	8	0	0	16	2	1	7	11	2	0	21	0	9	4	4	2	1	0	2	1	3	2	1	3	0	7	1	0	0	4	8	8	6	1
k__Bacteria._.p__Firmicutes._.c__Clostridia._.o__Clostridiales._.f__Ruminococcaceae._.g__Clostridium_IV	0	4	16	15	32	1	16	70	158	1	1	501	7	1	2	1	0	8	23	1	72	7	69	12	104	12	6	1	3	1	1	9	5	13	262	3	9	187	1	74	2	3	63	0	24	26	5	29	3	43	65	13	11	155	34	78	12	10	13	68	0	42	5	10	2	3	9	208	0	18	5	355	36	1	120	0	0	0	11	43	7	21	6	43	14	70	9	45	37	3	3	5	1	1	0	219	68	61	12	14	4	11	5	1	1	1	3	27
k__Bacteria._.p__Firmicutes._.c__Clostridia._.o__Clostridiales._.f__Ruminococcaceae._.g__Ethanoligenens	0	0	0	1	0	0	0	0	0	0	0	0	0	0	0	0	0	1	0	0	0	0	0	0	0	0	0	0	2	0	0	0	0	0	0	0	0	0	1	0	0	0	0	2	0	0	0	1	0	0	0	0	0	0	0	0	0	0	2	0	1	0	0	0	0	0	0	0	0	0	0	0	0	0	0	0	0	0	0	0	0	0	0	0	0	0	1	0	2	0	0	0	0	0	0	0	0	0	0	1	0	0	0	0	0	0	0	0
k__Bacteria._.p__Firmicutes._.c__Clostridia._.o__Clostridiales._.f__Ruminococcaceae._.g__Faecalibacterium	80	163	225	272	107	74	44	145	217	27	28	65	31	41	19	175	100	65	23	33	109	71	80	150	28	40	78	72	168	124	74	131	26	30	95	7	14	231	84	23	89	91	51	2	188	53	73	22	246	71	30	12	53	66	214	10	124	25	7	44	78	139	1	45	83	47	104	104	176	67	12	90	81	78	15	143	8	89	126	42	84	84	44	0	33	270	90	83	96	110	62	122	31	183	0	112	26	1	25	106	146	14	52	55	96	88	128	101
k__Bacteria._.p__Firmicutes._.c__Clostridia._.o__Clostridiales._.f__Ruminococcaceae._.g__Flavonifractor	1	4	2	4	0	3	4	5	3	2	5	28	1	4	6	16	6	9	17	4	7	31	6	17	11	13	13	9	3	7	24	4	12	5	4	2	12	16	9	13	11	37	138	29	7	5	11	12	2	7	6	60	20	12	6	2	7	12	3	2	3	6	17	10	6	14	2	19	22	1	10	1	15	10	13	2	8	1	4	10	18	7	1	16	5	5	2	13	9	7	7	4	16	4	51	12	18	2	7	14	3	9	8	6	11	3	12	5
k__Bacteria._.p__Firmicutes._.c__Clostridia._.o__Clostridiales._.f__Ruminococcaceae._.g__Gemmiger	0	0	0	0	0	0	0	0	0	0	0	0	0	0	0	0	0	0	0	0	0	0	0	0	0	0	0	0	0	0	0	0	1	0	0	0	0	0	3	0	0	0	0	0	1	0	0	0	0	0	0	0	0	0	0	0	0	0	0	0	0	0	0	5	0	0	0	0	0	0	0	0	0	0	0	0	2	0	0	41	0	0	0	0	13	0	0	0	0	0	0	0	0	0	0	0	0	0	0	1	0	0	0	0	0	0	0	0
k__Bacteria._.p__Firmicutes._.c__Clostridia._.o__Clostridiales._.f__Ruminococcaceae._.g__Hydrogenoanaerobacterium	0	0	0	0	0	0	0	0	0	0	0	0	1	0	0	0	0	1	0	0	0	0	0	0	0	0	0	0	0	0	0	0	0	0	0	0	0	0	0	0	0	0	0	0	1	0	1	0	0	0	0	0	0	0	0	0	0	0	0	0	0	0	0	0	0	0	1	0	0	0	0	0	1	0	0	0	0	0	1	0	0	0	0	0	0	0	0	0	0	0	0	0	1	0	0	0	0	0	0	0	0	0	0	1	0	0	0	0
k__Bacteria._.p__Firmicutes._.c__Clostridia._.o__Clostridiales._.f__Ruminococcaceae._.g__Oscillibacter	66	64	26	33	29	65	46	27	65	20	103	157	33	31	58	11	8	332	4	59	41	51	37	87	221	51	35	84	86	71	148	16	41	66	214	7	14	96	111	147	13	58	67	111	70	34	95	54	57	135	28	45	81	369	72	61	127	48	13	102	46	5	62	82	82	153	22	47	3	141	36	15	101	127	133	46	2	22	50	29	88	60	143	27	89	237	16	46	52	74	79	49	15	72	55	190	58	82	95	213	55	209	14	77	58	64	81	48
k__Bacteria._.p__Firmicutes._.c__Clostridia._.o__Clostridiales._.f__Ruminococcaceae._.g__Pseudoflavonifractor	0	22	6	0	0	0	1	3	13	0	1	34	0	0	20	22	32	0	30	0	10	35	1	0	14	5	10	1	2	4	24	3	3	3	11	19	30	12	7	6	14	1	17	4	6	6	2	3	0	26	11	64	4	9	0	12	24	9	3	2	6	4	9	10	2	8	8	32	14	5	0	17	12	3	24	2	8	1	2	5	5	9	10	82	3	16	3	30	2	21	13	10	5	0	4	4	6	5	14	10	3	8	12	2	2	19	2	2
k__Bacteria._.p__Firmicutes._.c__Clostridia._.o__Clostridiales._.f__Ruminococcaceae._.g__Ruminococcus	8	31	0	0	0	6	26	57	6	8	29	103	0	16	75	38	58	8	29	22	15	6	20	14	0	6	9	7	0	12	7	18	45	26	28	0	6	24	0	4	0	43	23	0	10	0	20	11	2	14	24	26	0	8	36	0	26	20	5	0	50	27	13	0	5	8	21	0	21	16	31	9	126	47	12	0	3	7	43	70	20	0	0	0	0	45	5	0	40	89	36	24	15	129	2	436	4	10	29	5	0	0	0	0	49	0	78	27
k__Bacteria._.p__Firmicutes._.c__Clostridia._.o__Clostridiales._.f__Ruminococcaceae._.g__Sporobacter	0	0	0	0	0	0	0	0	0	0	0	0	2	0	0	0	0	0	0	0	0	0	0	0	1	0	0	0	0	0	1	0	0	0	0	0	0	0	1	0	0	0	0	0	0	0	0	0	1	0	0	1	0	2	0	0	0	0	0	0	0	0	0	0	0	0	0	0	0	0	0	0	0	0	0	0	0	0	0	0	0	0	0	0	0	0	0	0	0	0	0	0	0	0	0	0	0	0	0	1	0	0	1	0	0	0	0	0
k__Bacteria._.p__Firmicutes._.c__Clostridia._.o__Clostridiales._.f__Ruminococcaceae._.g__Subdoligranulum	5	4	22	22	15	3	19	191	15	0	12	6	2	11	22	13	29	10	2	20	44	0	41	13	0	9	17	20	7	14	0	4	9	4	11	0	33	63	38	27	0	10	123	37	8	2	11	2	9	6	7	0	21	59	41	5	32	18	2	49	13	21	12	2	88	20	5	6	0	2	2	3	10	1	5	59	13	56	33	7	4	7	6	0	23	17	2	13	0	49	6	35	10	16	0	51	0	8	1	13	184	11	2	5	25	18	31	8
k__Bacteria._.p__Firmicutes._.c__Erysipelotrichia._.o__Erysipelotrichales._.f__Erysipelotrichaceae._.g__	0	1	20	10	6	0	1	9	26	0	1	3	3	32	0	0	4	3	3	2	17	3	7	2	5	13	16	8	17	30	1	0	5	6	3	31	11	74	3	14	35	4	10	4	2	32	12	20	2	79	22	0	12	8	130	3	16	1	11	0	2	9	9	10	14	0	0	12	2	3	1	1	7	10	21	5	0	5	7	150	9	2	2	0	6	19	10	12	3	3	8	10	9	5	0	7	0	0	3	4	20	0	0	1	7	46	26	6
k__Bacteria._.p__Firmicutes._.c__Erysipelotrichia._.o__Erysipelotrichales._.f__Erysipelotrichaceae._.g__Catenibacterium	0	0	0	0	0	0	0	0	0	0	1	0	2	0	0	0	0	0	0	0	0	0	0	0	0	0	0	0	0	0	0	0	0	0	0	0	0	0	0	0	0	0	0	0	0	0	0	362	0	0	3	0	0	0	0	0	0	0	0	0	0	0	0	0	0	0	144	0	0	0	30	19	0	0	0	0	0	0	0	0	0	0	0	0	0	0	0	0	0	0	0	0	0	0	0	0	0	20	0	0	0	0	0	0	0	0	0	0
k__Bacteria._.p__Firmicutes._.c__Erysipelotrichia._.o__Erysipelotrichales._.f__Erysipelotrichaceae._.g__Clostridium_XVIII	0	14	3	3	4	2	0	0	1	5	0	8	0	1	1	3	1	6	13	0	1	0	0	0	0	8	44	0	3	0	2	2	0	0	2	0	0	5	0	0	10	2	3	0	0	0	4	0	2	3	0	31	4	0	0	0	15	0	2	0	2	12	2	1	1	0	0	83	5	4	3	0	10	4	1	1	0	0	0	26	0	44	0	71	2	1	2	6	0	2	0	0	1	10	0	3	2	0	14	2	0	0	40	1	1	6	1	1
k__Bacteria._.p__Firmicutes._.c__Erysipelotrichia._.o__Erysipelotrichales._.f__Erysipelotrichaceae._.g__Coprobacillus	0	0	0	0	0	0	2	3	0	0	0	11	0	0	2	0	0	35	0	0	0	0	0	0	0	48	0	0	9	0	0	0	0	0	5	0	0	0	0	0	3	0	0	316	0	0	0	45	0	0	0	1	6	0	0	0	0	0	54	0	2	46	0	2	0	0	69	1	0	0	0	0	1	0	0	3	0	1	1	0	0	0	0	1	0	0	0	0	0	0	6	0	0	0	1	0	0	0	0	0	4	1	43	0	0	1	0	0
k__Bacteria._.p__Firmicutes._.c__Erysipelotrichia._.o__Erysipelotrichales._.f__Erysipelotrichaceae._.g__Erysipelotrichaceae_incertae_sedis	2	0	0	0	0	0	0	1	0	0	5	0	12	0	0	2	0	1	3	31	0	8	0	72	3	0	1	34	0	2	0	33	0	0	270	5	0	0	183	0	0	11	0	11	120	0	157	320	1	1	64	7	18	42	1	16	2	0	127	7	0	1	36	1	0	0	5	4	5	0	21	22	0	0	0	126	0	0	0	0	0	0	83	1	0	0	0	2	0	63	121	57	43	0	7	0	4	32	5	0	0	51	1	0	0	0	0	0
k__Bacteria._.p__Firmicutes._.c__Erysipelotrichia._.o__Erysipelotrichales._.f__Erysipelotrichaceae._.g__Holdemania	0	0	0	3	1	1	1	2	3	0	0	8	0	2	0	9	2	0	6	0	1	0	0	0	4	2	2	0	2	0	11	3	0	0	2	0	2	4	3	0	2	0	3	0	1	4	2	1	2	5	0	61	0	0	8	0	0	1	1	0	0	1	0	1	4	0	1	0	17	1	0	1	1	1	5	0	0	0	3	0	5	5	1	0	1	4	2	15	5	0	0	1	0	3	0	7	0	1	1	4	1	1	0	2	0	6	0	0
k__Bacteria._.p__Firmicutes._.c__Erysipelotrichia._.o__Erysipelotrichales._.f__Erysipelotrichaceae._.g__Solobacterium	0	0	0	0	0	0	0	0	0	0	0	0	0	0	0	0	0	0	0	0	0	0	0	0	0	0	0	0	0	0	0	0	0	0	0	0	0	0	0	0	0	0	0	0	0	0	6	5	0	0	0	0	0	0	0	0	0	0	0	0	0	0	0	0	0	0	0	0	0	0	0	0	0	0	0	0	0	0	0	0	0	0	0	0	0	0	0	0	0	0	0	0	0	0	0	0	0	0	0	0	0	0	0	0	0	0	0	0
k__Bacteria._.p__Firmicutes._.c__Erysipelotrichia._.o__Erysipelotrichales._.f__Erysipelotrichaceae._.g__Turicibacter	3	0	3	0	0	0	0	0	0	4	0	4	0	0	0	1	2	0	0	1	0	0	1	0	0	5	0	0	0	0	0	9	0	0	0	0	0	1	3	0	0	0	0	14	0	0	0	2	0	0	1	0	0	0	5	0	2	0	0	0	0	0	0	0	2	1	1	0	0	0	0	2	0	0	0	0	1	0	0	0	11	0	0	0	0	0	3	4	0	0	0	1	0	0	0	0	0	0	0	0	0	0	1	0	0	0	0	0
k__Bacteria._.p__Firmicutes._.c__Negativicutes._.o__Selenomonadales._.f__Acidaminococcaceae._.g__	0	0	0	0	0	0	0	0	0	0	0	0	0	0	0	0	0	0	22	0	0	0	0	0	0	0	0	0	0	0	0	0	0	0	0	0	0	0	0	0	0	0	0	0	0	0	0	0	0	0	0	0	0	0	0	0	0	0	0	0	0	0	0	0	0	0	0	0	0	0	0	0	0	0	0	0	0	0	0	0	0	0	0	0	0	0	0	0	0	0	0	0	0	0	0	0	0	0	0	0	0	0	0	0	0	0	0	0
k__Bacteria._.p__Firmicutes._.c__Negativicutes._.o__Selenomonadales._.f__Acidaminococcaceae._.g__Acidaminococcus	0	0	0	0	0	0	0	0	0	0	0	0	0	0	195	0	0	0	0	0	0	0	0	0	0	0	0	0	0	0	0	0	0	0	0	39	0	0	0	0	0	0	0	0	0	0	0	0	0	0	0	0	0	0	0	0	180	0	90	0	0	0	0	0	0	0	0	0	0	0	0	0	0	0	0	0	0	59	0	0	0	0	0	0	0	0	0	0	2	26	0	0	0	0	0	0	0	0	0	0	0	6	0	0	12	0	0	0
k__Bacteria._.p__Firmicutes._.c__Negativicutes._.o__Selenomonadales._.f__Acidaminococcaceae._.g__Phascolarctobacterium	48	0	41	0	0	2	0	0	29	0	56	162	0	86	105	84	0	0	154	0	0	0	0	0	0	159	23	0	173	53	0	0	20	0	0	74	0	0	0	7	0	20	99	0	0	33	0	0	0	8	62	239	46	285	0	12	0	58	0	0	0	0	75	0	64	19	0	0	0	0	0	69	0	0	119	0	0	57	35	96	0	0	0	93	0	0	28	0	64	11	10	70	0	63	0	0	0	53	25	0	32	0	94	0	0	94	0	0
k__Bacteria._.p__Firmicutes._.c__Negativicutes._.o__Selenomonadales._.f__Acidaminococcaceae._.g__Succinispira	0	0	0	0	0	0	0	9	0	0	0	0	0	0	0	0	0	0	0	0	0	0	0	0	33	0	0	0	0	0	0	0	0	0	0	0	0	0	0	0	0	0	0	0	0	0	45	2	0	0	0	0	0	0	0	0	0	0	0	0	0	0	0	0	0	0	0	0	0	0	9	0	20	6	0	0	0	0	0	0	0	0	0	0	0	0	0	0	0	0	0	0	1	0	0	0	0	0	0	0	0	0	0	0	0	0	0	0
k__Bacteria._.p__Firmicutes._.c__Negativicutes._.o__Selenomonadales._.f__Veillonellaceae._.g__Allisonella	0	0	0	0	0	0	0	0	0	0	0	0	0	0	0	0	0	0	0	64	0	0	0	0	0	0	0	0	0	0	0	0	0	0	0	0	0	0	0	0	0	0	0	0	0	0	0	0	0	0	0	0	0	0	0	0	0	0	0	0	0	0	0	0	0	0	0	0	0	0	0	0	0	0	0	0	0	0	0	0	0	0	0	0	0	0	0	0	0	0	0	0	0	0	0	0	19	0	0	0	0	0	0	16	0	0	0	0
k__Bacteria._.p__Firmicutes._.c__Negativicutes._.o__Selenomonadales._.f__Veillonellaceae._.g__Dialister	103	62	0	94	44	110	20	0	0	64	0	0	11	0	0	1	34	95	0	43	0	33	7	87	0	2	5	0	0	0	49	69	1	25	39	0	122	18	104	60	0	19	0	0	0	0	0	119	85	0	0	0	0	47	80	26	110	1	35	36	83	6	45	75	11	181	0	16	58	87	0	0	0	0	0	88	0	0	0	0	7	112	44	1	180	96	0	0	0	0	157	10	0	0	52	0	0	0	6	0	133	0	1	0	54	0	51	363
k__Bacteria._.p__Firmicutes._.c__Negativicutes._.o__Selenomonadales._.f__Veillonellaceae._.g__Megamonas	0	0	0	0	0	0	0	0	23	0	0	0	0	0	0	0	0	0	0	0	0	0	0	0	0	0	0	0	0	0	0	0	0	0	0	0	0	0	0	0	0	0	0	0	10	0	0	0	0	0	0	0	0	0	0	0	0	5	0	0	0	0	0	0	0	0	0	0	0	0	0	0	0	0	0	0	0	0	0	0	0	0	0	0	0	0	0	0	0	0	0	0	0	0	0	0	0	0	0	0	0	0	0	0	0	0	0	0
k__Bacteria._.p__Firmicutes._.c__Negativicutes._.o__Selenomonadales._.f__Veillonellaceae._.g__Mitsuokella	0	0	0	0	0	0	0	0	0	0	0	0	0	0	0	0	0	0	0	0	0	0	0	0	0	0	0	0	0	0	0	0	0	0	0	0	0	0	0	0	0	0	0	0	0	0	0	0	0	0	0	0	0	73	0	0	0	0	0	0	0	0	0	0	0	0	0	0	0	0	0	0	0	0	0	0	0	0	0	0	0	0	0	0	0	0	0	0	0	0	0	0	0	0	0	0	0	0	0	0	0	0	0	0	0	0	0	58
k__Bacteria._.p__Firmicutes._.c__Negativicutes._.o__Selenomonadales._.f__Veillonellaceae._.g__Veillonella	0	0	7	1	9	53	1	0	1	12	3	0	18	1	0	5	0	0	0	0	15	0	1	1	0	0	1	1	1	57	0	1	0	0	0	0	0	4	2	0	2	0	0	0	0	0	0	0	0	0	0	0	0	3	26	16	0	0	1	1	0	4	0	0	2	0	5	234	0	2	0	0	0	0	5	1	393	0	1	0	2	0	3	1	0	0	0	2	1	0	0	1	0	0	0	0	0	0	1	0	1	0	0	1	0	1	1	0
k__Bacteria._.p__Fusobacteria._.c__Fusobacteriia._.o__Fusobacteriales._.f__Fusobacteriaceae._.g__Clostridium_XIX	0	0	0	0	0	0	0	0	0	0	0	0	0	0	0	0	0	0	0	0	0	0	0	0	0	0	0	0	0	0	7	0	0	0	0	713	0	0	0	0	0	0	0	0	0	0	0	0	0	0	0	0	0	0	0	0	0	0	0	0	0	0	0	0	0	0	0	0	0	0	0	0	0	0	0	0	0	0	0	0	0	0	0	0	0	0	0	0	0	0	0	0	0	0	0	0	0	0	0	0	0	0	0	0	0	0	0	0
k__Bacteria._.p__Lentisphaerae._.c__Lentisphaeria._.o__Victivallales._.f__Victivallaceae._.g__Victivallis	0	0	0	0	0	1	0	0	3	0	6	2	0	0	0	0	0	0	0	0	0	0	0	3	0	0	2	0	1	2	0	0	0	2	54	0	0	2	6	0	0	11	0	0	0	0	39	0	8	0	1	0	0	17	0	3	0	0	0	0	0	0	0	0	0	3	0	0	0	0	0	6	0	5	16	0	0	4	4	0	2	0	3	0	0	0	7	0	4	3	6	6	1	0	0	0	0	5	0	5	0	3	8	54	0	0	0	0
k__Bacteria._.p__Proteobacteria._.c__._.o__._.f__._.g__	0	0	0	0	0	0	0	2	5	0	1	0	4	0	0	0	30	0	0	2	4	0	0	6	3	0	0	8	0	7	34	0	0	0	0	0	0	0	0	4	4	3	0	0	0	0	0	0	5	0	0	0	3	0	0	0	0	0	0	0	0	0	0	0	4	0	0	0	0	0	0	0	0	0	6	1	0	0	0	27	0	0	8	0	0	0	0	0	0	0	0	0	0	0	9	0	0	0	0	0	0	7	1	4	1	42	0	0
k__Bacteria._.p__Proteobacteria._.c__Alphaproteobacteria._.o__._.f__._.g__	0	0	0	7	0	0	0	0	8	0	5	0	3	7	0	0	0	0	0	0	0	0	0	0	6	1	0	7	7	0	30	0	0	5	0	0	3	0	0	0	0	0	0	0	1	0	7	0	4	0	7	0	0	0	0	0	0	0	0	0	0	6	0	0	19	0	0	0	1	0	0	102	7	0	26	0	0	1	0	1	0	9	2	5	0	0	0	7	29	0	5	0	0	0	0	0	2	0	0	0	0	0	0	1	1	0	0	0
k__Bacteria._.p__Proteobacteria._.c__Betaproteobacteria._.o__._.f__._.g__	0	0	0	0	0	0	0	0	0	0	0	0	0	0	0	0	0	0	0	0	0	0	0	0	0	0	0	7	0	0	0	0	0	0	0	0	0	0	0	0	0	0	0	0	0	0	0	0	5	0	0	0	0	0	0	0	0	0	0	0	1	0	0	0	0	0	0	0	0	0	0	0	0	0	0	0	0	0	0	0	0	0	0	0	0	0	0	0	0	0	0	0	0	0	0	0	0	0	0	0	0	0	0	12	0	0	0	0
k__Bacteria._.p__Proteobacteria._.c__Betaproteobacteria._.o__Burkholderiales._.f__._.g__	0	0	0	6	0	0	0	0	0	0	0	0	0	0	0	0	0	0	0	0	0	0	0	0	0	0	0	0	0	0	0	0	0	8	0	0	0	0	0	1	0	0	0	0	0	0	0	19	0	28	0	0	0	0	0	0	0	0	0	3	0	0	0	0	0	0	0	0	0	0	10	5	0	14	0	0	0	0	1	0	0	0	9	0	0	0	0	0	0	9	0	0	0	0	0	0	1	0	0	0	0	0	0	0	0	37	0	0
k__Bacteria._.p__Proteobacteria._.c__Betaproteobacteria._.o__Burkholderiales._.f__Comamonadaceae._.g__Comamonas	84	0	0	0	0	0	0	0	0	0	0	1	0	0	0	0	0	0	0	0	0	0	0	0	0	0	0	0	0	0	0	0	0	0	0	0	0	0	20	0	0	0	0	0	0	24	0	0	0	0	0	0	0	0	0	0	0	0	0	0	0	0	0	0	0	0	0	0	0	0	0	0	0	0	0	0	0	0	0	0	0	0	0	0	0	0	0	0	0	0	0	0	0	0	0	0	0	0	0	0	0	0	0	0	0	0	0	0
k__Bacteria._.p__Proteobacteria._.c__Betaproteobacteria._.o__Burkholderiales._.f__Oxalobacteraceae._.g__Oxalobacter	0	0	0	0	0	0	1	0	0	0	0	1	0	0	0	0	0	0	0	0	0	1	0	0	0	0	1	0	0	0	0	0	0	0	0	0	1	0	0	3	0	1	0	0	0	0	1	0	0	0	0	0	0	1	0	0	0	0	0	0	0	0	0	0	0	0	0	0	0	0	0	0	1	0	0	1	0	0	0	0	0	1	0	0	0	0	1	0	0	0	3	0	0	0	0	0	0	0	0	0	0	0	1	0	0	0	0	0
k__Bacteria._.p__Proteobacteria._.c__Betaproteobacteria._.o__Burkholderiales._.f__Sutterellaceae._.g__Parasutterella	17	0	12	30	4	17	22	7	1	8	0	0	0	0	2	8	0	3	15	18	0	3	0	28	3	11	0	8	2	4	46	0	3	0	0	1	81	13	24	24	1	7	8	5	3	1	40	0	6	0	4	0	0	0	20	6	22	0	4	0	0	0	0	9	16	13	0	20	0	17	1	16	1	0	0	1	41	19	2	6	0	15	0	17	56	22	0	18	0	3	0	10	14	14	41	0	10	0	6	6	2	3	0	10	0	0	22	10
k__Bacteria._.p__Proteobacteria._.c__Betaproteobacteria._.o__Burkholderiales._.f__Sutterellaceae._.g__Sutterella	1	0	0	0	0	18	0	0	43	0	23	0	47	36	91	0	89	0	137	0	67	37	38	7	13	0	0	51	14	41	0	120	1	0	44	0	0	0	1	0	7	6	0	0	27	48	37	31	0	0	0	0	79	8	0	0	0	65	26	0	93	18	10	0	0	11	10	0	0	0	0	24	41	8	69	13	0	29	26	12	15	0	0	0	0	0	31	0	23	9	18	0	0	0	0	20	8	1	0	6	46	7	10	0	29	0	20	11
k__Bacteria._.p__Proteobacteria._.c__Gammaproteobacteria._.o__Aeromonadales._.f__Succinivibrionaceae._.g__Succinivibrio	0	0	0	0	0	0	0	0	0	0	0	0	0	0	0	0	0	0	0	0	0	0	0	0	0	0	0	0	0	0	0	0	0	0	0	0	0	0	0	0	0	5	0	0	0	0	0	0	0	0	0	0	0	0	0	0	0	0	0	0	0	0	0	0	0	0	0	0	0	0	0	0	0	0	0	0	0	0	0	0	0	0	0	0	0	0	0	0	0	0	0	0	0	0	0	0	0	0	0	0	0	0	0	0	0	0	0	0
k__Bacteria._.p__Proteobacteria._.c__Gammaproteobacteria._.o__Enterobacteriales._.f__Enterobacteriaceae._.g__	0	0	0	0	0	0	0	0	0	0	0	1	0	0	0	0	0	0	0	0	0	0	0	4	0	0	0	0	0	28	0	0	117	0	0	0	0	0	0	0	0	2	0	0	0	0	0	0	0	0	0	6	9	0	0	0	0	0	0	7	0	8	0	2	0	0	0	0	0	0	1	0	1	0	0	0	0	0	0	0	0	0	1	0	0	2	0	0	0	1	0	2	0	1	56	0	3	3	22	0	0	0	0	0	0	0	0	0
k__Bacteria._.p__Proteobacteria._.c__Gammaproteobacteria._.o__Enterobacteriales._.f__Enterobacteriaceae._.g__Enterobacter	0	0	0	0	0	0	0	0	0	0	0	0	0	0	0	0	0	0	0	0	0	0	0	0	0	0	0	0	0	0	0	0	0	0	0	0	0	0	0	0	0	0	0	0	0	0	0	0	0	0	0	0	0	0	0	0	0	0	0	0	0	0	0	0	0	0	0	0	0	0	0	0	0	0	0	0	0	2	0	0	0	0	0	0	0	0	0	0	0	0	0	0	0	0	0	0	0	0	0	0	0	0	0	0	0	0	0	0
k__Bacteria._.p__Proteobacteria._.c__Gammaproteobacteria._.o__Enterobacteriales._.f__Enterobacteriaceae._.g__Escherichia/Shigella	4	3	0	0	1	0	0	0	0	0	0	6	0	0	0	0	0	9	3	21	2	1	1	5	0	5	3	0	274	180	0	0	127	2	0	0	31	0	1	2	8	5	1	774	0	0	0	0	0	2	3	4	3	0	0	2	10	0	2	6	0	16	177	6	0	0	0	0	0	0	0	0	6	6	0	0	2	0	1	0	0	0	1	0	0	28	0	0	0	3	1	9	8	8	161	0	11	0	31	1	0	1	0	0	0	0	5	0
k__Bacteria._.p__Proteobacteria._.c__Gammaproteobacteria._.o__Enterobacteriales._.f__Enterobacteriaceae._.g__Klebsiella	0	0	0	0	0	0	0	0	0	0	0	0	0	0	0	0	0	0	0	0	1	0	0	0	0	0	0	0	11	8	0	0	5	0	0	0	0	0	13	0	0	0	6	0	0	0	0	0	0	0	0	0	0	0	0	1	0	0	0	0	0	0	0	0	0	0	0	0	0	0	0	3	0	0	23	0	2	0	0	0	0	0	0	0	0	0	0	0	0	0	1	0	0	0	0	0	0	0	0	0	0	5	0	0	0	0	0	0
k__Bacteria._.p__Proteobacteria._.c__Gammaproteobacteria._.o__Enterobacteriales._.f__Enterobacteriaceae._.g__Pluralibacter	0	0	0	0	0	0	0	0	0	0	0	1	0	0	0	0	0	0	8	0	0	3	0	6	0	102	3	0	144	2	0	0	10	5	0	0	0	0	5	0	0	0	0	0	0	0	0	0	0	0	0	0	0	0	0	4	51	0	8	10	0	0	89	0	0	0	0	0	0	0	0	0	0	8	0	0	9	0	0	0	0	0	0	0	0	6	0	0	0	1	0	11	0	0	0	0	0	55	77	0	0	1	0	0	0	0	0	0
k__Bacteria._.p__Proteobacteria._.c__Gammaproteobacteria._.o__Enterobacteriales._.f__Enterobacteriaceae._.g__Salmonella	4	0	0	0	0	0	0	0	0	0	0	0	1	0	0	0	0	0	0	0	0	5	0	2	0	10	0	0	71	13	0	0	1	3	0	0	1	0	0	0	0	0	0	0	0	0	0	0	0	0	0	0	0	0	0	0	0	0	1	0	1	0	35	0	0	0	0	0	0	0	0	0	0	3	0	0	0	0	0	0	0	0	0	0	0	0	0	0	0	0	0	4	0	0	0	0	0	0	0	0	0	0	0	0	0	0	0	0
k__Bacteria._.p__Proteobacteria._.c__Gammaproteobacteria._.o__Pasteurellales._.f__Pasteurellaceae._.g__Haemophilus	2	0	1	3	1	37	0	0	0	2	2	0	11	0	0	0	0	0	0	0	0	0	0	0	0	0	0	2	0	0	0	1	0	0	0	0	0	0	2	0	0	0	0	0	0	0	0	0	0	0	0	0	0	1	3	0	0	0	1	0	0	0	0	0	0	0	1	0	0	0	0	0	0	0	0	0	0	0	11	0	0	0	3	0	0	0	1	0	0	0	0	0	0	0	0	0	0	0	0	0	0	0	0	0	0	0	0	0
k__Bacteria._.p__Synergistetes._.c__Synergistia._.o__Synergistales._.f__Synergistaceae._.g__Cloacibacillus	0	0	0	0	0	0	0	0	0	0	0	0	0	0	0	0	0	0	0	0	0	0	0	0	0	0	0	0	0	0	0	0	10	0	0	0	0	0	2	2	0	2	0	0	0	0	0	0	0	0	0	0	0	0	0	0	0	0	0	0	0	0	0	0	0	0	0	0	0	0	0	0	0	0	0	0	0	0	0	0	0	5	0	0	0	0	0	0	0	0	0	0	0	0	0	0	0	1	0	8	0	0	0	0	0	0	0	0
k__Bacteria._.p__Tenericutes._.c__Mollicutes._.o__Anaeroplasmatales._.f__Anaeroplasmataceae._.g__Anaeroplasma	0	0	0	0	0	0	0	0	0	0	0	0	0	0	0	0	0	0	0	0	0	0	0	0	0	0	1	0	0	0	0	0	0	0	0	0	0	0	0	0	0	0	0	0	0	0	0	0	0	0	0	0	0	0	0	0	0	0	0	0	0	0	0	0	0	0	0	0	0	0	0	0	0	0	0	0	0	0	0	0	0	0	0	0	0	0	153	0	0	0	0	0	0	0	0	0	0	0	0	0	0	0	0	0	0	0	0	0
k__Bacteria._.p__Verrucomicrobia._.c__Verrucomicrobiae._.o__Verrucomicrobiales._.f__Verrucomicrobiaceae._.g__Akkermansia	0	0	0	0	0	0	0	0	0	0	2	0	0	0	0	0	0	2	0	0	0	0	0	0	0	0	0	0	0	0	0	0	1	0	0	0	0	0	0	0	0	0	0	2	0	1	0	0	0	1	0	0	0	0	0	0	0	0	0	0	0	1	12	0	0	0	0	0	0	0	0	0	0	0	0	0	0	0	0	0	0	0	2	0	1	0	0	1	1	0	0	0	0	0	0	0	0	0	0	1	0	0	0	0	0	0	0	0
