"feature"	"metadata"	"effect_size"	"pval"	"qval"	"error"	"associations"
"D_0__Bacteria.__.__.__.__.__"	"Day"	NA	1	1	"sensitivity failed"	"abundance"
"D_0__Bacteria.__.__.__.__.__"	"DietKeto"	NA	1	1	"sensitivity failed"	"abundance"
"D_0__Bacteria.D_1__Actinobacteria.D_2__Acidimicrobiia.D_3__Microtrichales.D_4__uncultured.D_5__uncultured.bacterium"	"Day"	NA	1	1	"sensitivity failed"	"abundance"
"D_0__Bacteria.D_1__Actinobacteria.D_2__Acidimicrobiia.D_3__Microtrichales.D_4__uncultured.D_5__uncultured.bacterium"	"DietKeto"	NA	1	1	"sensitivity failed"	"abundance"
"D_0__Bacteria.D_1__Actinobacteria.D_2__Actinobacteria.D_3__Bifidobacteriales.D_4__Bifidobacteriaceae.D_5__Bifidobacterium"	"Day"	0.835440220057569	0.00000172535476071042	0.0000612500940052201	"sensitivity failed"	"abundance"
"D_0__Bacteria.D_1__Actinobacteria.D_2__Actinobacteria.D_3__Bifidobacteriales.D_4__Bifidobacteriaceae.D_5__Bifidobacterium"	"DietKeto"	-1.13573346921409	0.000320996233104551	0.00227907325504231	NA	"abundance"
"D_0__Bacteria.D_1__Actinobacteria.D_2__Actinobacteria.D_3__Corynebacteriales.D_4__Corynebacteriaceae.D_5__Corynebacterium.1"	"Day"	NA	1	1	"sensitivity failed"	"abundance"
"D_0__Bacteria.D_1__Actinobacteria.D_2__Actinobacteria.D_3__Corynebacteriales.D_4__Corynebacteriaceae.D_5__Corynebacterium.1"	"DietKeto"	NA	1	1	"sensitivity failed"	"abundance"
"D_0__Bacteria.D_1__Actinobacteria.D_2__Actinobacteria.D_3__Micrococcales.D_4__Micrococcaceae.D_5__Kocuria"	"Day"	NA	1	1	"sensitivity failed"	"abundance"
"D_0__Bacteria.D_1__Actinobacteria.D_2__Actinobacteria.D_3__Micrococcales.D_4__Micrococcaceae.D_5__Kocuria"	"DietKeto"	NA	1	1	"sensitivity failed"	"abundance"
"D_0__Bacteria.D_1__Actinobacteria.D_2__Coriobacteriia.D_3__Coriobacteriales.D_4__Atopobiaceae.D_5__Coriobacteriaceae.UCG.002"	"Day"	NA	1	1	"sensitivity failed"	"abundance"
"D_0__Bacteria.D_1__Actinobacteria.D_2__Coriobacteriia.D_3__Coriobacteriales.D_4__Atopobiaceae.D_5__Coriobacteriaceae.UCG.002"	"DietKeto"	NA	1	1	"sensitivity failed"	"abundance"
"D_0__Bacteria.D_1__Actinobacteria.D_2__Coriobacteriia.D_3__Coriobacteriales.D_4__Eggerthellaceae.__"	"Day"	0.487702860947679	0.0115945527838153	0.0416816834253615	NA	"abundance"
"D_0__Bacteria.D_1__Actinobacteria.D_2__Coriobacteriia.D_3__Coriobacteriales.D_4__Eggerthellaceae.__"	"DietKeto"	2.06589757635568	0.00146745931627809	0.00731155168110489	NA	"abundance"
"D_0__Bacteria.D_1__Actinobacteria.D_2__Coriobacteriia.D_3__Coriobacteriales.D_4__Eggerthellaceae.D_5__Enterorhabdus"	"Day"	0.418618903080038	0.00020128806139126	0.00173229725560964	NA	"abundance"
"D_0__Bacteria.D_1__Actinobacteria.D_2__Coriobacteriia.D_3__Coriobacteriales.D_4__Eggerthellaceae.D_5__Enterorhabdus"	"DietKeto"	1.4091613257718	0.000000110078983298705	0.00000521040520947205	NA	"abundance"
"D_0__Bacteria.D_1__Actinobacteria.D_2__Coriobacteriia.D_3__Coriobacteriales.D_4__Eggerthellaceae.D_5__Gordonibacter"	"Day"	NA	1	1	"sensitivity failed"	"abundance"
"D_0__Bacteria.D_1__Actinobacteria.D_2__Coriobacteriia.D_3__Coriobacteriales.D_4__Eggerthellaceae.D_5__Gordonibacter"	"DietKeto"	1.73628345714648	0.00051157903229862	0.00322863211495129	"sensitivity failed"	"abundance"
"D_0__Bacteria.D_1__Actinobacteria.D_2__Coriobacteriia.D_3__Coriobacteriales.D_4__Eggerthellaceae.D_5__Parvibacter"	"Day"	NA	1	1	"sensitivity failed"	"abundance"
"D_0__Bacteria.D_1__Actinobacteria.D_2__Coriobacteriia.D_3__Coriobacteriales.D_4__Eggerthellaceae.D_5__Parvibacter"	"DietKeto"	NA	1	1	NA	"abundance"
"D_0__Bacteria.D_1__Actinobacteria.D_2__Thermoleophilia.D_3__Solirubrobacterales.__.__"	"Day"	NA	1	1	"sensitivity failed"	"abundance"
"D_0__Bacteria.D_1__Actinobacteria.D_2__Thermoleophilia.D_3__Solirubrobacterales.__.__"	"DietKeto"	NA	1	1	"sensitivity failed"	"abundance"
"D_0__Bacteria.D_1__Bacteroidetes.D_2__Bacteroidia.D_3__Bacteroidales.D_4__Bacteroidaceae.D_5__Bacteroides"	"Day"	0.61866558240718	0.00013501802559876	0.0013049311977616	NA	"abundance"
"D_0__Bacteria.D_1__Bacteroidetes.D_2__Bacteroidia.D_3__Bacteroidales.D_4__Bacteroidaceae.D_5__Bacteroides"	"DietKeto"	0.140069233942547	0.583812097030286	1	NA	"abundance"
"D_0__Bacteria.D_1__Bacteroidetes.D_2__Bacteroidia.D_3__Bacteroidales.D_4__Marinifilaceae.D_5__Butyricimonas"	"Day"	0.629273910413983	0.000363720357253825	0.00251942881609967	NA	"abundance"
"D_0__Bacteria.D_1__Bacteroidetes.D_2__Bacteroidia.D_3__Bacteroidales.D_4__Marinifilaceae.D_5__Butyricimonas"	"DietKeto"	-0.53767465815149	0.0715263801000444	0.182103018282312	"sensitivity failed"	"abundance"
"D_0__Bacteria.D_1__Bacteroidetes.D_2__Bacteroidia.D_3__Bacteroidales.D_4__Muribaculaceae.__"	"Day"	-0.422166940770067	0.0401297987475869	0.110649153828298	"sensitivity failed"	"abundance"
"D_0__Bacteria.D_1__Bacteroidetes.D_2__Bacteroidia.D_3__Bacteroidales.D_4__Muribaculaceae.__"	"DietKeto"	0.174853887487744	0.591351429033302	1	NA	"abundance"
"D_0__Bacteria.D_1__Bacteroidetes.D_2__Bacteroidia.D_3__Bacteroidales.D_4__Muribaculaceae.D_5__Gram.negative.bacterium.cTPY.13"	"Day"	-0.564109201977975	0.0130056605188169	0.0461700948417999	NA	"abundance"
"D_0__Bacteria.D_1__Bacteroidetes.D_2__Bacteroidia.D_3__Bacteroidales.D_4__Muribaculaceae.D_5__Gram.negative.bacterium.cTPY.13"	"DietKeto"	-0.0952708942458601	0.808316572971618	1	"sensitivity failed"	"abundance"
"D_0__Bacteria.D_1__Bacteroidetes.D_2__Bacteroidia.D_3__Bacteroidales.D_4__Muribaculaceae.D_5__uncultured.bacterium"	"Day"	-0.0260030746033138	0.862107569458412	1	NA	"abundance"
"D_0__Bacteria.D_1__Bacteroidetes.D_2__Bacteroidia.D_3__Bacteroidales.D_4__Muribaculaceae.D_5__uncultured.bacterium"	"DietKeto"	-0.000204352595678701	0.99930955546379	1	NA	"abundance"
"D_0__Bacteria.D_1__Bacteroidetes.D_2__Bacteroidia.D_3__Bacteroidales.D_4__Muribaculaceae.D_5__uncultured.Bacteroidales.bacterium"	"Day"	-0.478308270274435	0.00133592986878569	0.00711866136116144	NA	"abundance"
"D_0__Bacteria.D_1__Bacteroidetes.D_2__Bacteroidia.D_3__Bacteroidales.D_4__Muribaculaceae.D_5__uncultured.Bacteroidales.bacterium"	"DietKeto"	0.777366248631241	0.00569803512447691	0.0228726564444021	NA	"abundance"
"D_0__Bacteria.D_1__Bacteroidetes.D_2__Bacteroidia.D_3__Bacteroidales.D_4__Prevotellaceae.D_5__Prevotella.7"	"Day"	NA	1	1	"sensitivity failed"	"abundance"
"D_0__Bacteria.D_1__Bacteroidetes.D_2__Bacteroidia.D_3__Bacteroidales.D_4__Prevotellaceae.D_5__Prevotella.7"	"DietKeto"	NA	1	1	"sensitivity failed"	"abundance"
"D_0__Bacteria.D_1__Bacteroidetes.D_2__Bacteroidia.D_3__Bacteroidales.D_4__Prevotellaceae.D_5__Prevotellaceae.UCG.001"	"Day"	-1.50885823139205	2.40521686146456e-11	0.00000000341540794327968	"sensitivity failed"	"abundance"
"D_0__Bacteria.D_1__Bacteroidetes.D_2__Bacteroidia.D_3__Bacteroidales.D_4__Prevotellaceae.D_5__Prevotellaceae.UCG.001"	"DietKeto"	-0.214112977369025	0.485402125869036	0.90693555096583	"sensitivity failed"	"abundance"
"D_0__Bacteria.D_1__Bacteroidetes.D_2__Bacteroidia.D_3__Bacteroidales.D_4__Rikenellaceae.D_5__Alistipes"	"Day"	0.233754312789044	0.137746125557296	0.326355494797089	"sensitivity failed"	"abundance"
"D_0__Bacteria.D_1__Bacteroidetes.D_2__Bacteroidia.D_3__Bacteroidales.D_4__Rikenellaceae.D_5__Alistipes"	"DietKeto"	-0.217733830107234	0.431766527538976	0.857494362385098	NA	"abundance"
"D_0__Bacteria.D_1__Bacteroidetes.D_2__Bacteroidia.D_3__Bacteroidales.D_4__Tannerellaceae.D_5__Parabacteroides"	"Day"	0.370218649837156	0.0440147235740363	0.119049347571679	"sensitivity failed"	"abundance"
"D_0__Bacteria.D_1__Bacteroidetes.D_2__Bacteroidia.D_3__Bacteroidales.D_4__Tannerellaceae.D_5__Parabacteroides"	"DietKeto"	-1.30508693345518	0.000442989551393602	0.00299545315704245	NA	"abundance"
"D_0__Bacteria.D_1__Bacteroidetes.D_2__Bacteroidia.D_3__Sphingobacteriales.D_4__Sphingobacteriaceae.D_5__Nubsella"	"Day"	NA	1	1	"sensitivity failed"	"abundance"
"D_0__Bacteria.D_1__Bacteroidetes.D_2__Bacteroidia.D_3__Sphingobacteriales.D_4__Sphingobacteriaceae.D_5__Nubsella"	"DietKeto"	NA	1	1	"sensitivity failed"	"abundance"
"D_0__Bacteria.D_1__Bacteroidetes.D_2__Bacteroidia.D_3__Sphingobacteriales.D_4__Sphingobacteriaceae.D_5__Sphingobacterium"	"Day"	NA	1	1	"sensitivity failed"	"abundance"
"D_0__Bacteria.D_1__Bacteroidetes.D_2__Bacteroidia.D_3__Sphingobacteriales.D_4__Sphingobacteriaceae.D_5__Sphingobacterium"	"DietKeto"	NA	1	1	"sensitivity failed"	"abundance"
"D_0__Bacteria.D_1__Cyanobacteria.D_2__Melainabacteria.D_3__Gastranaerophilales.__.__"	"Day"	-0.977692651596535	0.0000000696504734176962	0.00000395614689012514	NA	"abundance"
"D_0__Bacteria.D_1__Cyanobacteria.D_2__Melainabacteria.D_3__Gastranaerophilales.__.__"	"DietKeto"	-0.447815131534181	0.0718152748155596	0.182103018282312	"sensitivity failed"	"abundance"
"D_0__Bacteria.D_1__Cyanobacteria.D_2__Melainabacteria.D_3__Gastranaerophilales.D_4__uncultured.bacterium.D_5__uncultured.bacterium"	"Day"	-0.112350809809685	0.543837390389807	0.986857436651498	"sensitivity failed"	"abundance"
"D_0__Bacteria.D_1__Cyanobacteria.D_2__Melainabacteria.D_3__Gastranaerophilales.D_4__uncultured.bacterium.D_5__uncultured.bacterium"	"DietKeto"	0.0190221031921109	0.953766586473473	1	"sensitivity failed"	"abundance"
"D_0__Bacteria.D_1__Cyanobacteria.D_2__Oxyphotobacteria.D_3__Chloroplast.__.__"	"Day"	NA	1	1	"sensitivity failed"	"abundance"
"D_0__Bacteria.D_1__Cyanobacteria.D_2__Oxyphotobacteria.D_3__Chloroplast.__.__"	"DietKeto"	NA	1	1	"sensitivity failed"	"abundance"
"D_0__Bacteria.D_1__Deferribacteres.D_2__Deferribacteres.D_3__Deferribacterales.D_4__Deferribacteraceae.D_5__Mucispirillum"	"Day"	-0.238584498728974	0.34527792088276	0.715758609713167	NA	"abundance"
"D_0__Bacteria.D_1__Deferribacteres.D_2__Deferribacteres.D_3__Deferribacterales.D_4__Deferribacteraceae.D_5__Mucispirillum"	"DietKeto"	-1.16046928172799	0.0169506342599923	0.0566350603510332	NA	"abundance"
"D_0__Bacteria.D_1__Firmicutes.D_2__Bacilli.D_3__Bacillales.D_4__Bacillaceae.D_5__Bacillus"	"Day"	NA	1	1	"sensitivity failed"	"abundance"
"D_0__Bacteria.D_1__Firmicutes.D_2__Bacilli.D_3__Bacillales.D_4__Bacillaceae.D_5__Bacillus"	"DietKeto"	NA	1	1	"sensitivity failed"	"abundance"
"D_0__Bacteria.D_1__Firmicutes.D_2__Bacilli.D_3__Bacillales.D_4__Bacillaceae.D_5__Geobacillus"	"Day"	NA	1	1	"sensitivity failed"	"abundance"
"D_0__Bacteria.D_1__Firmicutes.D_2__Bacilli.D_3__Bacillales.D_4__Bacillaceae.D_5__Geobacillus"	"DietKeto"	NA	1	1	"sensitivity failed"	"abundance"
"D_0__Bacteria.D_1__Firmicutes.D_2__Bacilli.D_3__Bacillales.D_4__Staphylococcaceae.D_5__Staphylococcus"	"Day"	NA	1	1	"sensitivity failed"	"abundance"
"D_0__Bacteria.D_1__Firmicutes.D_2__Bacilli.D_3__Bacillales.D_4__Staphylococcaceae.D_5__Staphylococcus"	"DietKeto"	NA	1	1	"sensitivity failed"	"abundance"
"D_0__Bacteria.D_1__Firmicutes.D_2__Bacilli.D_3__Lactobacillales.D_4__Enterococcaceae.D_5__Enterococcus"	"Day"	1.16957496042183	0.000010128593653114	0.000192288385431661	"sensitivity failed"	"abundance"
"D_0__Bacteria.D_1__Firmicutes.D_2__Bacilli.D_3__Lactobacillales.D_4__Enterococcaceae.D_5__Enterococcus"	"DietKeto"	1.36500190894504	0.00056258870492878	0.00332864983749528	"sensitivity failed"	"abundance"
"D_0__Bacteria.D_1__Firmicutes.D_2__Bacilli.D_3__Lactobacillales.D_4__Lactobacillaceae.D_5__Lactobacillus"	"Day"	-0.0335019215609809	0.862888589528026	1	NA	"abundance"
"D_0__Bacteria.D_1__Firmicutes.D_2__Bacilli.D_3__Lactobacillales.D_4__Lactobacillaceae.D_5__Lactobacillus"	"DietKeto"	-0.241080544825963	0.472147764221028	0.888013013501801	NA	"abundance"
"D_0__Bacteria.D_1__Firmicutes.D_2__Bacilli.D_3__Lactobacillales.D_4__Leuconostocaceae.D_5__Weissella"	"Day"	NA	1	1	"sensitivity failed"	"abundance"
"D_0__Bacteria.D_1__Firmicutes.D_2__Bacilli.D_3__Lactobacillales.D_4__Leuconostocaceae.D_5__Weissella"	"DietKeto"	NA	1	1	"sensitivity failed"	"abundance"
"D_0__Bacteria.D_1__Firmicutes.D_2__Bacilli.D_3__Lactobacillales.D_4__Streptococcaceae.D_5__Lactococcus"	"Day"	0.393840525389924	0.0000993276830973004	0.00104478007406049	"sensitivity failed"	"abundance"
"D_0__Bacteria.D_1__Firmicutes.D_2__Bacilli.D_3__Lactobacillales.D_4__Streptococcaceae.D_5__Lactococcus"	"DietKeto"	-0.558802077282094	0.00593064024311131	0.0233930809589391	"sensitivity failed"	"abundance"
"D_0__Bacteria.D_1__Firmicutes.D_2__Bacilli.D_3__Lactobacillales.D_4__Streptococcaceae.D_5__Streptococcus"	"Day"	0.643476543513289	0.000876697883961545	0.00488200390284468	"sensitivity failed"	"abundance"
"D_0__Bacteria.D_1__Firmicutes.D_2__Bacilli.D_3__Lactobacillales.D_4__Streptococcaceae.D_5__Streptococcus"	"DietKeto"	0.164221408901331	0.363075414373874	0.736524412015573	NA	"abundance"
"D_0__Bacteria.D_1__Firmicutes.D_2__Clostridia.D_3__Clostridiales.__.__"	"Day"	1.20660078686884	0.0000085874542461363	0.000187602846607901	NA	"abundance"
"D_0__Bacteria.D_1__Firmicutes.D_2__Clostridia.D_3__Clostridiales.__.__"	"DietKeto"	3.12219415598572	0.00000229546865174721	0.0000673159734887586	NA	"abundance"
"D_0__Bacteria.D_1__Firmicutes.D_2__Clostridia.D_3__Clostridiales.D_4__Christensenellaceae.__"	"Day"	NA	1	1	"sensitivity failed"	"abundance"
"D_0__Bacteria.D_1__Firmicutes.D_2__Clostridia.D_3__Clostridiales.D_4__Christensenellaceae.__"	"DietKeto"	NA	1	1	"sensitivity failed"	"abundance"
"D_0__Bacteria.D_1__Firmicutes.D_2__Clostridia.D_3__Clostridiales.D_4__Christensenellaceae.D_5__Christensenellaceae.R.7.group"	"Day"	-0.631450038565703	0.000150900346066829	0.00138244188009611	NA	"abundance"
"D_0__Bacteria.D_1__Firmicutes.D_2__Clostridia.D_3__Clostridiales.D_4__Christensenellaceae.D_5__Christensenellaceae.R.7.group"	"DietKeto"	0.663347459377785	0.0102852964923033	0.0379353792703134	NA	"abundance"
"D_0__Bacteria.D_1__Firmicutes.D_2__Clostridia.D_3__Clostridiales.D_4__Christensenellaceae.D_5__uncultured"	"Day"	0.432772940035408	0.00171524198264658	0.00825641903511235	"sensitivity failed"	"abundance"
"D_0__Bacteria.D_1__Firmicutes.D_2__Clostridia.D_3__Clostridiales.D_4__Christensenellaceae.D_5__uncultured"	"DietKeto"	-1.66704017068965	0.0000000134613934335158	0.0000012743452450395	"sensitivity failed"	"abundance"
"D_0__Bacteria.D_1__Firmicutes.D_2__Clostridia.D_3__Clostridiales.D_4__Clostridiaceae.1.D_5__Candidatus.Arthromitus"	"Day"	-1.42503814741287	0.00000026132921149753	0.0000106024994378998	"sensitivity failed"	"abundance"
"D_0__Bacteria.D_1__Firmicutes.D_2__Clostridia.D_3__Clostridiales.D_4__Clostridiaceae.1.D_5__Candidatus.Arthromitus"	"DietKeto"	0.786789700011062	0.085482285707828	0.211104079487158	"sensitivity failed"	"abundance"
"D_0__Bacteria.D_1__Firmicutes.D_2__Clostridia.D_3__Clostridiales.D_4__Clostridiaceae.1.D_5__Clostridium.sensu.stricto.1"	"Day"	NA	1	1	"sensitivity failed"	"abundance"
"D_0__Bacteria.D_1__Firmicutes.D_2__Clostridia.D_3__Clostridiales.D_4__Clostridiaceae.1.D_5__Clostridium.sensu.stricto.1"	"DietKeto"	0.124338509929264	0.582687700030927	1	NA	"abundance"
"D_0__Bacteria.D_1__Firmicutes.D_2__Clostridia.D_3__Clostridiales.D_4__Clostridiales.vadinBB60.group.__"	"Day"	0.41989904519028	0.0341011374153929	0.100882531520537	"sensitivity failed"	"abundance"
"D_0__Bacteria.D_1__Firmicutes.D_2__Clostridia.D_3__Clostridiales.D_4__Clostridiales.vadinBB60.group.__"	"DietKeto"	0.9429468608563	0.0106787607206267	0.0388816415981791	"sensitivity failed"	"abundance"
"D_0__Bacteria.D_1__Firmicutes.D_2__Clostridia.D_3__Clostridiales.D_4__Clostridiales.vadinBB60.group.D_5__uncultured.bacterium"	"Day"	-0.120969119500337	0.352305031850415	0.725033543808099	NA	"abundance"
"D_0__Bacteria.D_1__Firmicutes.D_2__Clostridia.D_3__Clostridiales.D_4__Clostridiales.vadinBB60.group.D_5__uncultured.bacterium"	"DietKeto"	-0.998263204459359	0.00571816411110052	0.0228726564444021	"sensitivity failed"	"abundance"
"D_0__Bacteria.D_1__Firmicutes.D_2__Clostridia.D_3__Clostridiales.D_4__Clostridiales.vadinBB60.group.D_5__uncultured.Clostridia.bacterium"	"Day"	0.314922505404949	0.0352396293316858	0.102123007451008	"sensitivity failed"	"abundance"
"D_0__Bacteria.D_1__Firmicutes.D_2__Clostridia.D_3__Clostridiales.D_4__Clostridiales.vadinBB60.group.D_5__uncultured.Clostridia.bacterium"	"DietKeto"	-0.582553392657271	0.0382523729375199	0.106506607002506	"sensitivity failed"	"abundance"
"D_0__Bacteria.D_1__Firmicutes.D_2__Clostridia.D_3__Clostridiales.D_4__Clostridiales.vadinBB60.group.D_5__uncultured.Clostridiales.bacterium"	"Day"	NA	1	1	"sensitivity failed"	"abundance"
"D_0__Bacteria.D_1__Firmicutes.D_2__Clostridia.D_3__Clostridiales.D_4__Clostridiales.vadinBB60.group.D_5__uncultured.Clostridiales.bacterium"	"DietKeto"	3.25017477747189	0.0311545296013102	0.0941264511358733	"sensitivity failed"	"abundance"
"D_0__Bacteria.D_1__Firmicutes.D_2__Clostridia.D_3__Clostridiales.D_4__Clostridiales.vadinBB60.group.D_5__uncultured.rumen.bacterium"	"Day"	NA	1	1	"sensitivity failed"	"abundance"
"D_0__Bacteria.D_1__Firmicutes.D_2__Clostridia.D_3__Clostridiales.D_4__Clostridiales.vadinBB60.group.D_5__uncultured.rumen.bacterium"	"DietKeto"	NA	1	1	"sensitivity failed"	"abundance"
"D_0__Bacteria.D_1__Firmicutes.D_2__Clostridia.D_3__Clostridiales.D_4__Eubacteriaceae.D_5__Anaerofustis"	"Day"	-0.000890635988621973	0.992866247322641	1	"sensitivity failed"	"abundance"
"D_0__Bacteria.D_1__Firmicutes.D_2__Clostridia.D_3__Clostridiales.D_4__Eubacteriaceae.D_5__Anaerofustis"	"DietKeto"	-0.140456247410515	0.42953837903	0.857494362385098	"sensitivity failed"	"abundance"
"D_0__Bacteria.D_1__Firmicutes.D_2__Clostridia.D_3__Clostridiales.D_4__Family.XIII.D_5__.Eubacterium..brachy.group"	"Day"	-0.03650095287201	0.690664442460706	1	"sensitivity failed"	"abundance"
"D_0__Bacteria.D_1__Firmicutes.D_2__Clostridia.D_3__Clostridiales.D_4__Family.XIII.D_5__.Eubacterium..brachy.group"	"DietKeto"	0.458598406445465	0.0168309424917952	0.0566350603510332	"sensitivity failed"	"abundance"
"D_0__Bacteria.D_1__Firmicutes.D_2__Clostridia.D_3__Clostridiales.D_4__Family.XIII.D_5__.Eubacterium..nodatum.group"	"Day"	-0.0101102746963332	0.937730840416084	1	"sensitivity failed"	"abundance"
"D_0__Bacteria.D_1__Firmicutes.D_2__Clostridia.D_3__Clostridiales.D_4__Family.XIII.D_5__.Eubacterium..nodatum.group"	"DietKeto"	1.07538529448866	0.000695317631319396	0.00403000423050425	"sensitivity failed"	"abundance"
"D_0__Bacteria.D_1__Firmicutes.D_2__Clostridia.D_3__Clostridiales.D_4__Family.XIII.D_5__Anaerovorax"	"Day"	0.107222481314596	0.281951049823396	0.602060888344696	NA	"abundance"
"D_0__Bacteria.D_1__Firmicutes.D_2__Clostridia.D_3__Clostridiales.D_4__Family.XIII.D_5__Anaerovorax"	"DietKeto"	0.0101823880603499	0.953758937564626	1	NA	"abundance"
"D_0__Bacteria.D_1__Firmicutes.D_2__Clostridia.D_3__Clostridiales.D_4__Family.XIII.D_5__Family.XIII.AD3011.group"	"Day"	-0.259576014997038	0.0547114468021038	0.142550925612821	"sensitivity failed"	"abundance"
"D_0__Bacteria.D_1__Firmicutes.D_2__Clostridia.D_3__Clostridiales.D_4__Family.XIII.D_5__Family.XIII.AD3011.group"	"DietKeto"	2.45369037777469	0.00053676949046867	0.0033139681585457	"sensitivity failed"	"abundance"
"D_0__Bacteria.D_1__Firmicutes.D_2__Clostridia.D_3__Clostridiales.D_4__Family.XIII.D_5__Family.XIII.UCG.001"	"Day"	-0.117403756605014	0.277176959587779	0.599044471355906	"sensitivity failed"	"abundance"
"D_0__Bacteria.D_1__Firmicutes.D_2__Clostridia.D_3__Clostridiales.D_4__Family.XIII.D_5__Family.XIII.UCG.001"	"DietKeto"	0.236653679900241	0.225310066076889	0.499906709108097	NA	"abundance"
"D_0__Bacteria.D_1__Firmicutes.D_2__Clostridia.D_3__Clostridiales.D_4__Lachnospiraceae.__"	"Day"	-0.0565485350263774	0.768011479677822	1	NA	"abundance"
"D_0__Bacteria.D_1__Firmicutes.D_2__Clostridia.D_3__Clostridiales.D_4__Lachnospiraceae.__"	"DietKeto"	0.807102211169703	0.00744777368338809	0.0282022363477629	NA	"abundance"
"D_0__Bacteria.D_1__Firmicutes.D_2__Clostridia.D_3__Clostridiales.D_4__Lachnospiraceae.D_5__.Eubacterium..ventriosum.group"	"Day"	-0.778889421592774	0.0000826746243994259	0.000939183733177478	NA	"abundance"
"D_0__Bacteria.D_1__Firmicutes.D_2__Clostridia.D_3__Clostridiales.D_4__Lachnospiraceae.D_5__.Eubacterium..ventriosum.group"	"DietKeto"	0.639742792280476	0.00566591461175387	0.0228726564444021	"sensitivity failed"	"abundance"
"D_0__Bacteria.D_1__Firmicutes.D_2__Clostridia.D_3__Clostridiales.D_4__Lachnospiraceae.D_5__.Eubacterium..xylanophilum.group"	"Day"	-0.575928507822518	0.000229837273534249	0.00186496530524934	"sensitivity failed"	"abundance"
"D_0__Bacteria.D_1__Firmicutes.D_2__Clostridia.D_3__Clostridiales.D_4__Lachnospiraceae.D_5__.Eubacterium..xylanophilum.group"	"DietKeto"	0.158663420813103	0.560308394044545	1	"sensitivity failed"	"abundance"
"D_0__Bacteria.D_1__Firmicutes.D_2__Clostridia.D_3__Clostridiales.D_4__Lachnospiraceae.D_5__.Ruminococcus..torques.group"	"Day"	NA	1	1	"sensitivity failed"	"abundance"
"D_0__Bacteria.D_1__Firmicutes.D_2__Clostridia.D_3__Clostridiales.D_4__Lachnospiraceae.D_5__.Ruminococcus..torques.group"	"DietKeto"	NA	1	1	NA	"abundance"
"D_0__Bacteria.D_1__Firmicutes.D_2__Clostridia.D_3__Clostridiales.D_4__Lachnospiraceae.D_5__A2"	"Day"	0.435210954341413	0.0370988148127516	0.106424882897186	"sensitivity failed"	"abundance"
"D_0__Bacteria.D_1__Firmicutes.D_2__Clostridia.D_3__Clostridiales.D_4__Lachnospiraceae.D_5__A2"	"DietKeto"	-0.29488033388309	0.448058469557219	0.865636771117347	NA	"abundance"
"D_0__Bacteria.D_1__Firmicutes.D_2__Clostridia.D_3__Clostridiales.D_4__Lachnospiraceae.D_5__Acetatifactor"	"Day"	-0.0274499122812234	0.873836745074253	1	NA	"abundance"
"D_0__Bacteria.D_1__Firmicutes.D_2__Clostridia.D_3__Clostridiales.D_4__Lachnospiraceae.D_5__Acetatifactor"	"DietKeto"	1.50198312510783	0.0000101560766953342	0.000192288385431661	"sensitivity failed"	"abundance"
"D_0__Bacteria.D_1__Firmicutes.D_2__Clostridia.D_3__Clostridiales.D_4__Lachnospiraceae.D_5__Acetitomaculum"	"Day"	-0.176834380427648	0.1290595327711	0.313272712025575	NA	"abundance"
"D_0__Bacteria.D_1__Firmicutes.D_2__Clostridia.D_3__Clostridiales.D_4__Lachnospiraceae.D_5__Acetitomaculum"	"DietKeto"	-0.570311298386184	0.0220105084225173	0.0694553821332767	"sensitivity failed"	"abundance"
"D_0__Bacteria.D_1__Firmicutes.D_2__Clostridia.D_3__Clostridiales.D_4__Lachnospiraceae.D_5__ASF356"	"Day"	-0.82866677076841	0.0000374943637034556	0.000477510960497153	"sensitivity failed"	"abundance"
"D_0__Bacteria.D_1__Firmicutes.D_2__Clostridia.D_3__Clostridiales.D_4__Lachnospiraceae.D_5__ASF356"	"DietKeto"	-0.166994138349138	0.591671676284636	1	"sensitivity failed"	"abundance"
"D_0__Bacteria.D_1__Firmicutes.D_2__Clostridia.D_3__Clostridiales.D_4__Lachnospiraceae.D_5__Blautia"	"Day"	0.0939021730776437	0.620759742455581	1	NA	"abundance"
"D_0__Bacteria.D_1__Firmicutes.D_2__Clostridia.D_3__Clostridiales.D_4__Lachnospiraceae.D_5__Blautia"	"DietKeto"	0.299059591771982	0.374599645693743	0.75451276153917	NA	"abundance"
"D_0__Bacteria.D_1__Firmicutes.D_2__Clostridia.D_3__Clostridiales.D_4__Lachnospiraceae.D_5__Butyrivibrio"	"Day"	NA	1	1	"sensitivity failed"	"abundance"
"D_0__Bacteria.D_1__Firmicutes.D_2__Clostridia.D_3__Clostridiales.D_4__Lachnospiraceae.D_5__Butyrivibrio"	"DietKeto"	NA	1	1	"sensitivity failed"	"abundance"
"D_0__Bacteria.D_1__Firmicutes.D_2__Clostridia.D_3__Clostridiales.D_4__Lachnospiraceae.D_5__Dorea"	"Day"	-0.175513692657869	0.135366359888394	0.325797001765287	NA	"abundance"
"D_0__Bacteria.D_1__Firmicutes.D_2__Clostridia.D_3__Clostridiales.D_4__Lachnospiraceae.D_5__Dorea"	"DietKeto"	0.783527614998872	0.00143837153392219	0.00729459849346253	NA	"abundance"
"D_0__Bacteria.D_1__Firmicutes.D_2__Clostridia.D_3__Clostridiales.D_4__Lachnospiraceae.D_5__GCA.900066575"	"Day"	0.106762325811129	0.491819929635726	0.912920653702916	NA	"abundance"
"D_0__Bacteria.D_1__Firmicutes.D_2__Clostridia.D_3__Clostridiales.D_4__Lachnospiraceae.D_5__GCA.900066575"	"DietKeto"	2.03649869228838	0.0000000222549730445313	0.00000158010308616172	NA	"abundance"
"D_0__Bacteria.D_1__Firmicutes.D_2__Clostridia.D_3__Clostridiales.D_4__Lachnospiraceae.D_5__Lachnoclostridium"	"Day"	-0.479835278583771	0.0164808124208043	0.0563921774398604	"sensitivity failed"	"abundance"
"D_0__Bacteria.D_1__Firmicutes.D_2__Clostridia.D_3__Clostridiales.D_4__Lachnospiraceae.D_5__Lachnoclostridium"	"DietKeto"	0.0375585033371794	0.915183792049939	1	NA	"abundance"
"D_0__Bacteria.D_1__Firmicutes.D_2__Clostridia.D_3__Clostridiales.D_4__Lachnospiraceae.D_5__Lachnospiraceae.FCS020.group"	"Day"	-0.249769914913089	0.0948245250270927	0.232156595755985	NA	"abundance"
"D_0__Bacteria.D_1__Firmicutes.D_2__Clostridia.D_3__Clostridiales.D_4__Lachnospiraceae.D_5__Lachnospiraceae.FCS020.group"	"DietKeto"	-1.25762305847456	0.0000308690171872855	0.000431745992482095	"sensitivity failed"	"abundance"
"D_0__Bacteria.D_1__Firmicutes.D_2__Clostridia.D_3__Clostridiales.D_4__Lachnospiraceae.D_5__Lachnospiraceae.NK4A136.group"	"Day"	-0.334252555825592	0.0706378442433202	0.182103018282312	"sensitivity failed"	"abundance"
"D_0__Bacteria.D_1__Firmicutes.D_2__Clostridia.D_3__Clostridiales.D_4__Lachnospiraceae.D_5__Lachnospiraceae.NK4A136.group"	"DietKeto"	1.2392036979958	0.000560081132504475	0.00332864983749528	NA	"abundance"
"D_0__Bacteria.D_1__Firmicutes.D_2__Clostridia.D_3__Clostridiales.D_4__Lachnospiraceae.D_5__Lachnospiraceae.UCG.001"	"Day"	-0.79520213071144	0.000201049483978274	0.00173229725560964	"sensitivity failed"	"abundance"
"D_0__Bacteria.D_1__Firmicutes.D_2__Clostridia.D_3__Clostridiales.D_4__Lachnospiraceae.D_5__Lachnospiraceae.UCG.001"	"DietKeto"	0.00643791137689305	0.982106472108749	1	NA	"abundance"
"D_0__Bacteria.D_1__Firmicutes.D_2__Clostridia.D_3__Clostridiales.D_4__Lachnospiraceae.D_5__Lachnospiraceae.UCG.004"	"Day"	-1.48291830444953	0.00320067368837736	0.0144284337698281	"sensitivity failed"	"abundance"
"D_0__Bacteria.D_1__Firmicutes.D_2__Clostridia.D_3__Clostridiales.D_4__Lachnospiraceae.D_5__Lachnospiraceae.UCG.004"	"DietKeto"	-1.73275938666393	0.00814390836655089	0.0304324996855323	"sensitivity failed"	"abundance"
"D_0__Bacteria.D_1__Firmicutes.D_2__Clostridia.D_3__Clostridiales.D_4__Lachnospiraceae.D_5__Lachnospiraceae.UCG.006"	"Day"	-0.621538503848983	0.000268834259849867	0.00206348458911789	NA	"abundance"
"D_0__Bacteria.D_1__Firmicutes.D_2__Clostridia.D_3__Clostridiales.D_4__Lachnospiraceae.D_5__Lachnospiraceae.UCG.006"	"DietKeto"	0.482846294508473	0.0524823859566997	0.138009237145395	NA	"abundance"
"D_0__Bacteria.D_1__Firmicutes.D_2__Clostridia.D_3__Clostridiales.D_4__Lachnospiraceae.D_5__Lachnospiraceae.UCG.010"	"Day"	0.575835801285837	0.00326920609216718	0.0145071020339919	NA	"abundance"
"D_0__Bacteria.D_1__Firmicutes.D_2__Clostridia.D_3__Clostridiales.D_4__Lachnospiraceae.D_5__Lachnospiraceae.UCG.010"	"DietKeto"	0.0142719199021973	0.935903539058323	1	NA	"abundance"
"D_0__Bacteria.D_1__Firmicutes.D_2__Clostridia.D_3__Clostridiales.D_4__Lachnospiraceae.D_5__Marvinbryantia"	"Day"	-0.1281768961435	0.469472568838989	0.888013013501801	NA	"abundance"
"D_0__Bacteria.D_1__Firmicutes.D_2__Clostridia.D_3__Clostridiales.D_4__Lachnospiraceae.D_5__Marvinbryantia"	"DietKeto"	-0.361040112098399	0.302036245071395	0.640136519405046	NA	"abundance"
"D_0__Bacteria.D_1__Firmicutes.D_2__Clostridia.D_3__Clostridiales.D_4__Lachnospiraceae.D_5__Roseburia"	"Day"	-0.130633798998661	0.545551470261567	0.986857436651498	NA	"abundance"
"D_0__Bacteria.D_1__Firmicutes.D_2__Clostridia.D_3__Clostridiales.D_4__Lachnospiraceae.D_5__Roseburia"	"DietKeto"	-0.0990742139988216	0.826825662373359	1	NA	"abundance"
"D_0__Bacteria.D_1__Firmicutes.D_2__Clostridia.D_3__Clostridiales.D_4__Lachnospiraceae.D_5__Tyzzerella"	"Day"	0.658481797073039	0.00000449691355581666	0.000106426954154328	"sensitivity failed"	"abundance"
"D_0__Bacteria.D_1__Firmicutes.D_2__Clostridia.D_3__Clostridiales.D_4__Lachnospiraceae.D_5__Tyzzerella"	"DietKeto"	0.782639053845032	0.00425963904741055	0.0180557834248447	"sensitivity failed"	"abundance"
"D_0__Bacteria.D_1__Firmicutes.D_2__Clostridia.D_3__Clostridiales.D_4__Lachnospiraceae.D_5__Tyzzerella.3"	"Day"	-0.943379919169043	0.00000237028075664643	0.0000673159734887586	"sensitivity failed"	"abundance"
"D_0__Bacteria.D_1__Firmicutes.D_2__Clostridia.D_3__Clostridiales.D_4__Lachnospiraceae.D_5__Tyzzerella.3"	"DietKeto"	-0.506748700970709	0.0247567847292278	0.077262932561546	"sensitivity failed"	"abundance"
"D_0__Bacteria.D_1__Firmicutes.D_2__Clostridia.D_3__Clostridiales.D_4__Lachnospiraceae.D_5__uncultured"	"Day"	-0.0655661426360352	0.724979713474627	1	NA	"abundance"
"D_0__Bacteria.D_1__Firmicutes.D_2__Clostridia.D_3__Clostridiales.D_4__Lachnospiraceae.D_5__uncultured"	"DietKeto"	0.73939936375106	0.0177902693718274	0.0587492616464997	NA	"abundance"
"D_0__Bacteria.D_1__Firmicutes.D_2__Clostridia.D_3__Clostridiales.D_4__Peptococcaceae.D_5__Peptococcus"	"Day"	0.472239136020484	0.000313194468432326	0.00227907325504231	"sensitivity failed"	"abundance"
"D_0__Bacteria.D_1__Firmicutes.D_2__Clostridia.D_3__Clostridiales.D_4__Peptococcaceae.D_5__Peptococcus"	"DietKeto"	0.988360828822522	0.000127692308321198	0.00129516484154358	"sensitivity failed"	"abundance"
"D_0__Bacteria.D_1__Firmicutes.D_2__Clostridia.D_3__Clostridiales.D_4__Peptococcaceae.D_5__uncultured"	"Day"	0.176062895291576	0.20056872421708	0.459367078045571	NA	"abundance"
"D_0__Bacteria.D_1__Firmicutes.D_2__Clostridia.D_3__Clostridiales.D_4__Peptococcaceae.D_5__uncultured"	"DietKeto"	0.129716277057255	0.627146827779471	1	NA	"abundance"
"D_0__Bacteria.D_1__Firmicutes.D_2__Clostridia.D_3__Clostridiales.D_4__Peptostreptococcaceae.D_5__Romboutsia"	"Day"	0.416070598640858	0.0379376619363513	0.106506607002506	"sensitivity failed"	"abundance"
"D_0__Bacteria.D_1__Firmicutes.D_2__Clostridia.D_3__Clostridiales.D_4__Peptostreptococcaceae.D_5__Romboutsia"	"DietKeto"	1.98855220385213	0.000211889258045259	0.00176989850837804	"sensitivity failed"	"abundance"
"D_0__Bacteria.D_1__Firmicutes.D_2__Clostridia.D_3__Clostridiales.D_4__Ruminococcaceae.__"	"Day"	0.124244797933687	0.468170216120546	0.888013013501801	NA	"abundance"
"D_0__Bacteria.D_1__Firmicutes.D_2__Clostridia.D_3__Clostridiales.D_4__Ruminococcaceae.__"	"DietKeto"	0.353250351311541	0.207883540271586	0.468992003613604	NA	"abundance"
"D_0__Bacteria.D_1__Firmicutes.D_2__Clostridia.D_3__Clostridiales.D_4__Ruminococcaceae.D_5__.Eubacterium..coprostanoligenes.group"	"Day"	-0.294323128224114	0.0468238505252002	0.125452580652423	"sensitivity failed"	"abundance"
"D_0__Bacteria.D_1__Firmicutes.D_2__Clostridia.D_3__Clostridiales.D_4__Ruminococcaceae.D_5__.Eubacterium..coprostanoligenes.group"	"DietKeto"	0.0000217241144352465	0.99994505366464	1	NA	"abundance"
"D_0__Bacteria.D_1__Firmicutes.D_2__Clostridia.D_3__Clostridiales.D_4__Ruminococcaceae.D_5__Anaerotruncus"	"Day"	-0.292727835578707	0.0346667588281032	0.101498551620426	NA	"abundance"
"D_0__Bacteria.D_1__Firmicutes.D_2__Clostridia.D_3__Clostridiales.D_4__Ruminococcaceae.D_5__Anaerotruncus"	"DietKeto"	-0.98795338496958	0.000245156462212566	0.00193401209078802	"sensitivity failed"	"abundance"
"D_0__Bacteria.D_1__Firmicutes.D_2__Clostridia.D_3__Clostridiales.D_4__Ruminococcaceae.D_5__Butyricicoccus"	"Day"	-0.842839290120915	0.0000319248797257887	0.000431745992482095	NA	"abundance"
"D_0__Bacteria.D_1__Firmicutes.D_2__Clostridia.D_3__Clostridiales.D_4__Ruminococcaceae.D_5__Butyricicoccus"	"DietKeto"	-0.748870471620966	0.00510427251805777	0.021317844046006	"sensitivity failed"	"abundance"
"D_0__Bacteria.D_1__Firmicutes.D_2__Clostridia.D_3__Clostridiales.D_4__Ruminococcaceae.D_5__Candidatus.Soleaferrea"	"Day"	0.130623038680217	0.210007918460444	0.469624006635954	NA	"abundance"
"D_0__Bacteria.D_1__Firmicutes.D_2__Clostridia.D_3__Clostridiales.D_4__Ruminococcaceae.D_5__Candidatus.Soleaferrea"	"DietKeto"	0.917609930638595	0.000137844844833972	0.0013049311977616	"sensitivity failed"	"abundance"
"D_0__Bacteria.D_1__Firmicutes.D_2__Clostridia.D_3__Clostridiales.D_4__Ruminococcaceae.D_5__GCA.900066225"	"Day"	0.0752910095070526	0.435618161773759	0.859135819053802	NA	"abundance"
"D_0__Bacteria.D_1__Firmicutes.D_2__Clostridia.D_3__Clostridiales.D_4__Ruminococcaceae.D_5__GCA.900066225"	"DietKeto"	0.1395433178213	0.541035344823383	0.986857436651498	NA	"abundance"
"D_0__Bacteria.D_1__Firmicutes.D_2__Clostridia.D_3__Clostridiales.D_4__Ruminococcaceae.D_5__Harryflintia"	"Day"	0.376928424000998	0.00141526613644274	0.00729459849346253	NA	"abundance"
"D_0__Bacteria.D_1__Firmicutes.D_2__Clostridia.D_3__Clostridiales.D_4__Ruminococcaceae.D_5__Harryflintia"	"DietKeto"	-0.10097590899444	0.589230517166385	1	NA	"abundance"
"D_0__Bacteria.D_1__Firmicutes.D_2__Clostridia.D_3__Clostridiales.D_4__Ruminococcaceae.D_5__Intestinimonas"	"Day"	-0.816194622414398	0.0000744848337537361	0.000881403866085877	NA	"abundance"
"D_0__Bacteria.D_1__Firmicutes.D_2__Clostridia.D_3__Clostridiales.D_4__Ruminococcaceae.D_5__Intestinimonas"	"DietKeto"	0.706211077177938	0.0207807625863937	0.067265252462099	"sensitivity failed"	"abundance"
"D_0__Bacteria.D_1__Firmicutes.D_2__Clostridia.D_3__Clostridiales.D_4__Ruminococcaceae.D_5__Negativibacillus"	"Day"	0.00826626792383397	0.937350484036622	1	"sensitivity failed"	"abundance"
"D_0__Bacteria.D_1__Firmicutes.D_2__Clostridia.D_3__Clostridiales.D_4__Ruminococcaceae.D_5__Negativibacillus"	"DietKeto"	0.509331565820162	0.0272590128222952	0.0841473874079548	"sensitivity failed"	"abundance"
"D_0__Bacteria.D_1__Firmicutes.D_2__Clostridia.D_3__Clostridiales.D_4__Ruminococcaceae.D_5__Oscillibacter"	"Day"	-0.0994843713099337	0.578115679925783	1	NA	"abundance"
"D_0__Bacteria.D_1__Firmicutes.D_2__Clostridia.D_3__Clostridiales.D_4__Ruminococcaceae.D_5__Oscillibacter"	"DietKeto"	0.444578473078358	0.138930423471914	0.326355494797089	NA	"abundance"
"D_0__Bacteria.D_1__Firmicutes.D_2__Clostridia.D_3__Clostridiales.D_4__Ruminococcaceae.D_5__Papillibacter"	"Day"	-0.00797691155369609	0.930310130468059	1	"sensitivity failed"	"abundance"
"D_0__Bacteria.D_1__Firmicutes.D_2__Clostridia.D_3__Clostridiales.D_4__Ruminococcaceae.D_5__Papillibacter"	"DietKeto"	0.0877647206274169	0.620880481229619	1	NA	"abundance"
"D_0__Bacteria.D_1__Firmicutes.D_2__Clostridia.D_3__Clostridiales.D_4__Ruminococcaceae.D_5__Ruminiclostridium"	"Day"	0.402915437194642	0.0208427542840307	0.067265252462099	NA	"abundance"
"D_0__Bacteria.D_1__Firmicutes.D_2__Clostridia.D_3__Clostridiales.D_4__Ruminococcaceae.D_5__Ruminiclostridium"	"DietKeto"	0.493122360620789	0.0772362224545955	0.194115815726594	"sensitivity failed"	"abundance"
"D_0__Bacteria.D_1__Firmicutes.D_2__Clostridia.D_3__Clostridiales.D_4__Ruminococcaceae.D_5__Ruminiclostridium.1"	"Day"	0.81657173478822	0.0000309161009676921	0.000431745992482095	"sensitivity failed"	"abundance"
"D_0__Bacteria.D_1__Firmicutes.D_2__Clostridia.D_3__Clostridiales.D_4__Ruminococcaceae.D_5__Ruminiclostridium.1"	"DietKeto"	0.128968586369534	0.500991575097282	0.923906541088494	"sensitivity failed"	"abundance"
"D_0__Bacteria.D_1__Firmicutes.D_2__Clostridia.D_3__Clostridiales.D_4__Ruminococcaceae.D_5__Ruminiclostridium.5"	"Day"	-0.0071148033443811	0.956661523314544	1	NA	"abundance"
"D_0__Bacteria.D_1__Firmicutes.D_2__Clostridia.D_3__Clostridiales.D_4__Ruminococcaceae.D_5__Ruminiclostridium.5"	"DietKeto"	-0.729588846997825	0.00284045861246041	0.0132244302612911	"sensitivity failed"	"abundance"
"D_0__Bacteria.D_1__Firmicutes.D_2__Clostridia.D_3__Clostridiales.D_4__Ruminococcaceae.D_5__Ruminiclostridium.6"	"Day"	-0.318264418800998	0.0144108416310814	0.0505269015213224	NA	"abundance"
"D_0__Bacteria.D_1__Firmicutes.D_2__Clostridia.D_3__Clostridiales.D_4__Ruminococcaceae.D_5__Ruminiclostridium.6"	"DietKeto"	-0.0117798660903785	0.958136425749094	1	NA	"abundance"
"D_0__Bacteria.D_1__Firmicutes.D_2__Clostridia.D_3__Clostridiales.D_4__Ruminococcaceae.D_5__Ruminiclostridium.9"	"Day"	0.252285387650331	0.139045827008619	0.326355494797089	"sensitivity failed"	"abundance"
"D_0__Bacteria.D_1__Firmicutes.D_2__Clostridia.D_3__Clostridiales.D_4__Ruminococcaceae.D_5__Ruminiclostridium.9"	"DietKeto"	1.11290861364517	0.000290591690389358	0.0021717905281731	NA	"abundance"
"D_0__Bacteria.D_1__Firmicutes.D_2__Clostridia.D_3__Clostridiales.D_4__Ruminococcaceae.D_5__Ruminococcaceae.NK4A214.group"	"Day"	0.0784812864891265	0.448047549153417	0.865636771117347	NA	"abundance"
"D_0__Bacteria.D_1__Firmicutes.D_2__Clostridia.D_3__Clostridiales.D_4__Ruminococcaceae.D_5__Ruminococcaceae.NK4A214.group"	"DietKeto"	-0.26315603020088	0.171807383810132	0.396693471561605	"sensitivity failed"	"abundance"
"D_0__Bacteria.D_1__Firmicutes.D_2__Clostridia.D_3__Clostridiales.D_4__Ruminococcaceae.D_5__Ruminococcaceae.UCG.004"	"Day"	0.0589490232283388	0.690457279784137	1	NA	"abundance"
"D_0__Bacteria.D_1__Firmicutes.D_2__Clostridia.D_3__Clostridiales.D_4__Ruminococcaceae.D_5__Ruminococcaceae.UCG.004"	"DietKeto"	-0.785865286226679	0.0327520966099149	0.0979115309180614	"sensitivity failed"	"abundance"
"D_0__Bacteria.D_1__Firmicutes.D_2__Clostridia.D_3__Clostridiales.D_4__Ruminococcaceae.D_5__Ruminococcaceae.UCG.005"	"Day"	0.473104262540513	0.000822366342815934	0.00467104082719451	NA	"abundance"
"D_0__Bacteria.D_1__Firmicutes.D_2__Clostridia.D_3__Clostridiales.D_4__Ruminococcaceae.D_5__Ruminococcaceae.UCG.005"	"DietKeto"	-0.462358374205272	0.0480195215446343	0.127453683352113	NA	"abundance"
"D_0__Bacteria.D_1__Firmicutes.D_2__Clostridia.D_3__Clostridiales.D_4__Ruminococcaceae.D_5__Ruminococcaceae.UCG.009"	"Day"	-0.345824574125675	0.00376039573553215	0.0164300367521712	"sensitivity failed"	"abundance"
"D_0__Bacteria.D_1__Firmicutes.D_2__Clostridia.D_3__Clostridiales.D_4__Ruminococcaceae.D_5__Ruminococcaceae.UCG.009"	"DietKeto"	0.243974670783303	0.310250921272382	0.652676012158197	NA	"abundance"
"D_0__Bacteria.D_1__Firmicutes.D_2__Clostridia.D_3__Clostridiales.D_4__Ruminococcaceae.D_5__Ruminococcaceae.UCG.010"	"Day"	0.394796835845998	0.00725541851706749	0.0278451197141509	"sensitivity failed"	"abundance"
"D_0__Bacteria.D_1__Firmicutes.D_2__Clostridia.D_3__Clostridiales.D_4__Ruminococcaceae.D_5__Ruminococcaceae.UCG.010"	"DietKeto"	-0.091064411029215	0.749091784213868	1	NA	"abundance"
"D_0__Bacteria.D_1__Firmicutes.D_2__Clostridia.D_3__Clostridiales.D_4__Ruminococcaceae.D_5__Ruminococcaceae.UCG.013"	"Day"	0.134408166917479	0.278429120489365	0.599044471355906	"sensitivity failed"	"abundance"
"D_0__Bacteria.D_1__Firmicutes.D_2__Clostridia.D_3__Clostridiales.D_4__Ruminococcaceae.D_5__Ruminococcaceae.UCG.013"	"DietKeto"	0.0233155221648833	0.918363254059146	1	NA	"abundance"
"D_0__Bacteria.D_1__Firmicutes.D_2__Clostridia.D_3__Clostridiales.D_4__Ruminococcaceae.D_5__Ruminococcaceae.UCG.014"	"Day"	-0.334030078015897	0.0378775028453733	0.106506607002506	"sensitivity failed"	"abundance"
"D_0__Bacteria.D_1__Firmicutes.D_2__Clostridia.D_3__Clostridiales.D_4__Ruminococcaceae.D_5__Ruminococcaceae.UCG.014"	"DietKeto"	-0.884632704734588	0.00412960956003738	0.0177698350765245	NA	"abundance"
"D_0__Bacteria.D_1__Firmicutes.D_2__Clostridia.D_3__Clostridiales.D_4__Ruminococcaceae.D_5__Ruminococcus.1"	"Day"	-0.244500152399368	0.0850609387665791	0.211104079487158	"sensitivity failed"	"abundance"
"D_0__Bacteria.D_1__Firmicutes.D_2__Clostridia.D_3__Clostridiales.D_4__Ruminococcaceae.D_5__Ruminococcus.1"	"DietKeto"	1.11053700129891	0.000484539668935043	0.00312748331767164	"sensitivity failed"	"abundance"
"D_0__Bacteria.D_1__Firmicutes.D_2__Clostridia.D_3__Clostridiales.D_4__Ruminococcaceae.D_5__UBA1819"	"Day"	0.104456775615711	0.458259641386308	0.879363095633186	NA	"abundance"
"D_0__Bacteria.D_1__Firmicutes.D_2__Clostridia.D_3__Clostridiales.D_4__Ruminococcaceae.D_5__UBA1819"	"DietKeto"	0.18398961835227	0.57195437224699	1	NA	"abundance"
"D_0__Bacteria.D_1__Firmicutes.D_2__Clostridia.D_3__Clostridiales.D_4__Ruminococcaceae.D_5__uncultured"	"Day"	0.290733276675574	0.170187832203761	0.396174953654656	NA	"abundance"
"D_0__Bacteria.D_1__Firmicutes.D_2__Clostridia.D_3__Clostridiales.D_4__Ruminococcaceae.D_5__uncultured"	"DietKeto"	1.61262408416947	0.0000108760674477102	0.000193050197196856	NA	"abundance"
"D_0__Bacteria.D_1__Firmicutes.D_2__Clostridia.D_3__DTU014.D_4__uncultured.bacterium.D_5__uncultured.bacterium"	"Day"	2.46680728762747	1	1	"sensitivity failed"	"abundance"
"D_0__Bacteria.D_1__Firmicutes.D_2__Clostridia.D_3__DTU014.D_4__uncultured.bacterium.D_5__uncultured.bacterium"	"DietKeto"	5.43007534562039	1	1	NA	"abundance"
"D_0__Bacteria.D_1__Firmicutes.D_2__Erysipelotrichia.D_3__Erysipelotrichales.D_4__Erysipelotrichaceae.D_5__Erysipelatoclostridium"	"Day"	0.205689084349131	0.362109764923611	0.736524412015573	NA	"abundance"
"D_0__Bacteria.D_1__Firmicutes.D_2__Erysipelotrichia.D_3__Erysipelotrichales.D_4__Erysipelotrichaceae.D_5__Erysipelatoclostridium"	"DietKeto"	1.37251215755253	0.00131518554595639	0.00711866136116144	NA	"abundance"
"D_0__Bacteria.D_1__Firmicutes.D_2__Erysipelotrichia.D_3__Erysipelotrichales.D_4__Erysipelotrichaceae.D_5__Faecalibaculum"	"Day"	2.68902644016639	1.4787925808688e-18	4.19977092966739e-16	NA	"abundance"
"D_0__Bacteria.D_1__Firmicutes.D_2__Erysipelotrichia.D_3__Erysipelotrichales.D_4__Erysipelotrichaceae.D_5__Faecalibaculum"	"DietKeto"	0.0420081514191265	0.928150027187903	1	NA	"abundance"
"D_0__Bacteria.D_1__Firmicutes.D_2__Erysipelotrichia.D_3__Erysipelotrichales.D_4__Erysipelotrichaceae.D_5__Turicibacter"	"Day"	3.12896706771408	0.0000118229512242024	0.000197512832216088	"sensitivity failed"	"abundance"
"D_0__Bacteria.D_1__Firmicutes.D_2__Erysipelotrichia.D_3__Erysipelotrichales.D_4__Erysipelotrichaceae.D_5__Turicibacter"	"DietKeto"	5.01951030025074	0.0000164002568294935	0.000258759607754231	"sensitivity failed"	"abundance"
"D_0__Bacteria.D_1__Firmicutes.D_2__Erysipelotrichia.D_3__Erysipelotrichales.D_4__Erysipelotrichaceae.D_5__uncultured"	"Day"	-0.488132890298708	0.00204894045531733	0.0096983181551687	NA	"abundance"
"D_0__Bacteria.D_1__Firmicutes.D_2__Erysipelotrichia.D_3__Erysipelotrichales.D_4__Erysipelotrichaceae.D_5__uncultured"	"DietKeto"	0.579274361851173	0.0152316359361868	0.0527534708033786	NA	"abundance"
"D_0__Bacteria.D_1__Firmicutes.D_2__Erysipelotrichia.D_3__Erysipelotrichales.D_4__Erysipelotrichaceae.D_5__uncultured.bacterium"	"Day"	NA	1	1	"sensitivity failed"	"abundance"
"D_0__Bacteria.D_1__Firmicutes.D_2__Erysipelotrichia.D_3__Erysipelotrichales.D_4__Erysipelotrichaceae.D_5__uncultured.bacterium"	"DietKeto"	0.972824764374626	0.00715770631609186	0.0278451197141509	"sensitivity failed"	"abundance"
"D_0__Bacteria.D_1__Proteobacteria.D_2__Alphaproteobacteria.D_3__Caulobacterales.D_4__Caulobacteraceae.D_5__Brevundimonas"	"Day"	NA	1	1	"sensitivity failed"	"abundance"
"D_0__Bacteria.D_1__Proteobacteria.D_2__Alphaproteobacteria.D_3__Caulobacterales.D_4__Caulobacteraceae.D_5__Brevundimonas"	"DietKeto"	NA	1	1	"sensitivity failed"	"abundance"
"D_0__Bacteria.D_1__Proteobacteria.D_2__Alphaproteobacteria.D_3__Rhizobiales.D_4__Beijerinckiaceae.D_5__Bosea"	"Day"	NA	1	1	"sensitivity failed"	"abundance"
"D_0__Bacteria.D_1__Proteobacteria.D_2__Alphaproteobacteria.D_3__Rhizobiales.D_4__Beijerinckiaceae.D_5__Bosea"	"DietKeto"	NA	1	1	"sensitivity failed"	"abundance"
"D_0__Bacteria.D_1__Proteobacteria.D_2__Alphaproteobacteria.D_3__Rhizobiales.D_4__Rhizobiaceae.D_5__Allorhizobium.Neorhizobium.Pararhizobium.Rhizobium"	"Day"	NA	1	1	"sensitivity failed"	"abundance"
"D_0__Bacteria.D_1__Proteobacteria.D_2__Alphaproteobacteria.D_3__Rhizobiales.D_4__Rhizobiaceae.D_5__Allorhizobium.Neorhizobium.Pararhizobium.Rhizobium"	"DietKeto"	NA	1	1	"sensitivity failed"	"abundance"
"D_0__Bacteria.D_1__Proteobacteria.D_2__Alphaproteobacteria.D_3__Rhodobacterales.D_4__Rhodobacteraceae.__"	"Day"	NA	1	1	"sensitivity failed"	"abundance"
"D_0__Bacteria.D_1__Proteobacteria.D_2__Alphaproteobacteria.D_3__Rhodobacterales.D_4__Rhodobacteraceae.__"	"DietKeto"	NA	1	1	"sensitivity failed"	"abundance"
"D_0__Bacteria.D_1__Proteobacteria.D_2__Alphaproteobacteria.D_3__Rhodobacterales.D_4__Rhodobacteraceae.D_5__Paracoccus"	"Day"	NA	1	1	"sensitivity failed"	"abundance"
"D_0__Bacteria.D_1__Proteobacteria.D_2__Alphaproteobacteria.D_3__Rhodobacterales.D_4__Rhodobacteraceae.D_5__Paracoccus"	"DietKeto"	NA	1	1	"sensitivity failed"	"abundance"
"D_0__Bacteria.D_1__Proteobacteria.D_2__Alphaproteobacteria.D_3__Rickettsiales.D_4__Mitochondria.__"	"Day"	NA	1	1	"sensitivity failed"	"abundance"
"D_0__Bacteria.D_1__Proteobacteria.D_2__Alphaproteobacteria.D_3__Rickettsiales.D_4__Mitochondria.__"	"DietKeto"	NA	1	1	NA	"abundance"
"D_0__Bacteria.D_1__Proteobacteria.D_2__Alphaproteobacteria.D_3__Sphingomonadales.D_4__Sphingomonadaceae.__"	"Day"	NA	1	1	"sensitivity failed"	"abundance"
"D_0__Bacteria.D_1__Proteobacteria.D_2__Alphaproteobacteria.D_3__Sphingomonadales.D_4__Sphingomonadaceae.__"	"DietKeto"	NA	1	1	"sensitivity failed"	"abundance"
"D_0__Bacteria.D_1__Proteobacteria.D_2__Alphaproteobacteria.D_3__Sphingomonadales.D_4__Sphingomonadaceae.D_5__Sphingomonas"	"Day"	NA	1	1	"sensitivity failed"	"abundance"
"D_0__Bacteria.D_1__Proteobacteria.D_2__Alphaproteobacteria.D_3__Sphingomonadales.D_4__Sphingomonadaceae.D_5__Sphingomonas"	"DietKeto"	NA	1	1	"sensitivity failed"	"abundance"
"D_0__Bacteria.D_1__Proteobacteria.D_2__Alphaproteobacteria.D_3__Sphingomonadales.D_4__Sphingomonadaceae.D_5__Sphingopyxis"	"Day"	NA	1	1	"sensitivity failed"	"abundance"
"D_0__Bacteria.D_1__Proteobacteria.D_2__Alphaproteobacteria.D_3__Sphingomonadales.D_4__Sphingomonadaceae.D_5__Sphingopyxis"	"DietKeto"	NA	1	1	"sensitivity failed"	"abundance"
"D_0__Bacteria.D_1__Proteobacteria.D_2__Deltaproteobacteria.D_3__Desulfovibrionales.D_4__Desulfovibrionaceae.D_5__uncultured"	"Day"	0.687534241713079	0.0000916779948892164	0.00100140579032836	"sensitivity failed"	"abundance"
"D_0__Bacteria.D_1__Proteobacteria.D_2__Deltaproteobacteria.D_3__Desulfovibrionales.D_4__Desulfovibrionaceae.D_5__uncultured"	"DietKeto"	0.234464048933844	0.44266022130446	0.865636771117347	"sensitivity failed"	"abundance"
"D_0__Bacteria.D_1__Proteobacteria.D_2__Gammaproteobacteria.D_3__Betaproteobacteriales.D_4__Burkholderiaceae.__"	"Day"	NA	1	1	"sensitivity failed"	"abundance"
"D_0__Bacteria.D_1__Proteobacteria.D_2__Gammaproteobacteria.D_3__Betaproteobacteriales.D_4__Burkholderiaceae.__"	"DietKeto"	NA	1	1	"sensitivity failed"	"abundance"
"D_0__Bacteria.D_1__Proteobacteria.D_2__Gammaproteobacteria.D_3__Betaproteobacteriales.D_4__Burkholderiaceae.D_5__Delftia"	"Day"	NA	1	1	"sensitivity failed"	"abundance"
"D_0__Bacteria.D_1__Proteobacteria.D_2__Gammaproteobacteria.D_3__Betaproteobacteriales.D_4__Burkholderiaceae.D_5__Delftia"	"DietKeto"	NA	1	1	"sensitivity failed"	"abundance"
"D_0__Bacteria.D_1__Proteobacteria.D_2__Gammaproteobacteria.D_3__Betaproteobacteriales.D_4__Burkholderiaceae.D_5__Parasutterella"	"Day"	0.536460867886235	0.0286054716633025	0.0873543435739561	"sensitivity failed"	"abundance"
"D_0__Bacteria.D_1__Proteobacteria.D_2__Gammaproteobacteria.D_3__Betaproteobacteriales.D_4__Burkholderiaceae.D_5__Parasutterella"	"DietKeto"	1.06348370900021	0.0216362166467017	0.0690414104231831	"sensitivity failed"	"abundance"
"D_0__Bacteria.D_1__Proteobacteria.D_2__Gammaproteobacteria.D_3__Betaproteobacteriales.D_4__Burkholderiaceae.D_5__Schlegelella"	"Day"	NA	1	1	"sensitivity failed"	"abundance"
"D_0__Bacteria.D_1__Proteobacteria.D_2__Gammaproteobacteria.D_3__Betaproteobacteriales.D_4__Burkholderiaceae.D_5__Schlegelella"	"DietKeto"	NA	1	1	"sensitivity failed"	"abundance"
"D_0__Bacteria.D_1__Proteobacteria.D_2__Gammaproteobacteria.D_3__Betaproteobacteriales.D_4__Hydrogenophilaceae.D_5__Tepidiphilus"	"Day"	NA	1	1	"sensitivity failed"	"abundance"
"D_0__Bacteria.D_1__Proteobacteria.D_2__Gammaproteobacteria.D_3__Betaproteobacteriales.D_4__Hydrogenophilaceae.D_5__Tepidiphilus"	"DietKeto"	NA	1	1	"sensitivity failed"	"abundance"
"D_0__Bacteria.D_1__Proteobacteria.D_2__Gammaproteobacteria.D_3__Enterobacteriales.D_4__Enterobacteriaceae.D_5__Escherichia.Shigella"	"Day"	-0.0546989112465939	0.820249883995044	1	"sensitivity failed"	"abundance"
"D_0__Bacteria.D_1__Proteobacteria.D_2__Gammaproteobacteria.D_3__Enterobacteriales.D_4__Enterobacteriaceae.D_5__Escherichia.Shigella"	"DietKeto"	-0.102507632247977	0.796864134126507	1	NA	"abundance"
"D_0__Bacteria.D_1__Proteobacteria.D_2__Gammaproteobacteria.D_3__Pasteurellales.D_4__Pasteurellaceae.D_5__Haemophilus"	"Day"	NA	1	1	"sensitivity failed"	"abundance"
"D_0__Bacteria.D_1__Proteobacteria.D_2__Gammaproteobacteria.D_3__Pasteurellales.D_4__Pasteurellaceae.D_5__Haemophilus"	"DietKeto"	NA	1	1	"sensitivity failed"	"abundance"
"D_0__Bacteria.D_1__Proteobacteria.D_2__Gammaproteobacteria.D_3__Pseudomonadales.D_4__Moraxellaceae.D_5__Acinetobacter"	"Day"	NA	1	1	"sensitivity failed"	"abundance"
"D_0__Bacteria.D_1__Proteobacteria.D_2__Gammaproteobacteria.D_3__Pseudomonadales.D_4__Moraxellaceae.D_5__Acinetobacter"	"DietKeto"	NA	1	1	"sensitivity failed"	"abundance"
"D_0__Bacteria.D_1__Proteobacteria.D_2__Gammaproteobacteria.D_3__Pseudomonadales.D_4__Pseudomonadaceae.D_5__Pseudomonas"	"Day"	NA	1	1	"sensitivity failed"	"abundance"
"D_0__Bacteria.D_1__Proteobacteria.D_2__Gammaproteobacteria.D_3__Pseudomonadales.D_4__Pseudomonadaceae.D_5__Pseudomonas"	"DietKeto"	NA	1	1	"sensitivity failed"	"abundance"
"D_0__Bacteria.D_1__Proteobacteria.D_2__Gammaproteobacteria.D_3__Xanthomonadales.D_4__Xanthomonadaceae.D_5__Pseudoxanthomonas"	"Day"	NA	1	1	"sensitivity failed"	"abundance"
"D_0__Bacteria.D_1__Proteobacteria.D_2__Gammaproteobacteria.D_3__Xanthomonadales.D_4__Xanthomonadaceae.D_5__Pseudoxanthomonas"	"DietKeto"	NA	1	1	"sensitivity failed"	"abundance"
"D_0__Bacteria.D_1__Proteobacteria.D_2__Gammaproteobacteria.D_3__Xanthomonadales.D_4__Xanthomonadaceae.D_5__Stenotrophomonas"	"Day"	NA	1	1	"sensitivity failed"	"abundance"
"D_0__Bacteria.D_1__Proteobacteria.D_2__Gammaproteobacteria.D_3__Xanthomonadales.D_4__Xanthomonadaceae.D_5__Stenotrophomonas"	"DietKeto"	NA	1	1	"sensitivity failed"	"abundance"
"D_0__Bacteria.D_1__Tenericutes.D_2__Mollicutes.D_3__Anaeroplasmatales.D_4__Anaeroplasmataceae.D_5__Anaeroplasma"	"Day"	-0.217517085805082	0.208073917096177	0.468992003613604	"sensitivity failed"	"abundance"
"D_0__Bacteria.D_1__Tenericutes.D_2__Mollicutes.D_3__Anaeroplasmatales.D_4__Anaeroplasmataceae.D_5__Anaeroplasma"	"DietKeto"	1.37111923222864	0.000468842981259347	0.0030965443413408	"sensitivity failed"	"abundance"
"D_0__Bacteria.D_1__Tenericutes.D_2__Mollicutes.D_3__Mollicutes.RF39.__.__"	"Day"	-0.452961762748593	0.00158263684533612	0.00774946317371481	"sensitivity failed"	"abundance"
"D_0__Bacteria.D_1__Tenericutes.D_2__Mollicutes.D_3__Mollicutes.RF39.__.__"	"DietKeto"	-0.92094162036552	0.0013535482869814	0.00711866136116144	"sensitivity failed"	"abundance"
"D_0__Bacteria.D_1__Tenericutes.D_2__Mollicutes.D_3__Mollicutes.RF39.D_4__gut.metagenome.D_5__gut.metagenome"	"Day"	NA	1	1	"sensitivity failed"	"abundance"
"D_0__Bacteria.D_1__Tenericutes.D_2__Mollicutes.D_3__Mollicutes.RF39.D_4__gut.metagenome.D_5__gut.metagenome"	"DietKeto"	NA	1	1	"sensitivity failed"	"abundance"
"D_0__Bacteria.D_1__Tenericutes.D_2__Mollicutes.D_3__Mollicutes.RF39.D_4__uncultured.bacterium.D_5__uncultured.bacterium"	"Day"	-0.673417563016299	0.0000386716622937835	0.000477510960497153	NA	"abundance"
"D_0__Bacteria.D_1__Tenericutes.D_2__Mollicutes.D_3__Mollicutes.RF39.D_4__uncultured.bacterium.D_5__uncultured.bacterium"	"DietKeto"	0.299939369175433	0.233628476130686	0.514344862179184	"sensitivity failed"	"abundance"
"D_0__Bacteria.D_1__Tenericutes.D_2__Mollicutes.D_3__Mollicutes.RF39.D_4__uncultured.Erysipelotrichia.bacterium.D_5__uncultured.Erysipelotrichia.bacterium"	"Day"	NA	1	1	"sensitivity failed"	"abundance"
"D_0__Bacteria.D_1__Tenericutes.D_2__Mollicutes.D_3__Mollicutes.RF39.D_4__uncultured.Erysipelotrichia.bacterium.D_5__uncultured.Erysipelotrichia.bacterium"	"DietKeto"	NA	1	1	"sensitivity failed"	"abundance"
"D_0__Bacteria.D_1__Tenericutes.D_2__Mollicutes.D_3__Mollicutes.RF39.D_4__uncultured.Firmicutes.bacterium.D_5__uncultured.Firmicutes.bacterium"	"Day"	NA	1	1	"sensitivity failed"	"abundance"
"D_0__Bacteria.D_1__Tenericutes.D_2__Mollicutes.D_3__Mollicutes.RF39.D_4__uncultured.Firmicutes.bacterium.D_5__uncultured.Firmicutes.bacterium"	"DietKeto"	NA	1	1	"sensitivity failed"	"abundance"
"D_0__Bacteria.D_1__Tenericutes.D_2__Mollicutes.D_3__Mollicutes.RF39.D_4__uncultured.Lachnospiraceae.bacterium.D_5__uncultured.Lachnospiraceae.bacterium"	"Day"	0.151939903245114	0.315676069712797	0.659205910282605	NA	"abundance"
"D_0__Bacteria.D_1__Tenericutes.D_2__Mollicutes.D_3__Mollicutes.RF39.D_4__uncultured.Lachnospiraceae.bacterium.D_5__uncultured.Lachnospiraceae.bacterium"	"DietKeto"	0.0271461962321964	0.932393235260315	1	NA	"abundance"
"D_0__Bacteria.D_1__Tenericutes.D_2__Mollicutes.D_3__Mollicutes.RF39.D_4__unidentified.D_5__unidentified"	"Day"	0.145248383326454	0.257232910826905	0.561954974421854	"sensitivity failed"	"abundance"
"D_0__Bacteria.D_1__Tenericutes.D_2__Mollicutes.D_3__Mollicutes.RF39.D_4__unidentified.D_5__unidentified"	"DietKeto"	0.517283241606241	0.0407324022764676	0.111230790831892	"sensitivity failed"	"abundance"
"D_0__Bacteria.D_1__Verrucomicrobia.D_2__Verrucomicrobiae.D_3__Verrucomicrobiales.D_4__Akkermansiaceae.D_5__Akkermansia"	"Day"	1.58052388381867	0.00000371689726179827	0.00009596352930461	NA	"abundance"
"D_0__Bacteria.D_1__Verrucomicrobia.D_2__Verrucomicrobiae.D_3__Verrucomicrobiales.D_4__Akkermansiaceae.D_5__Akkermansia"	"DietKeto"	1.9095510559596	0.00296588554011055	0.0135856692482483	NA	"abundance"
"Unassigned.__.__.__.__.__"	"Day"	NA	1	1	"sensitivity failed"	"abundance"
"Unassigned.__.__.__.__.__"	"DietKeto"	NA	1	1	"sensitivity failed"	"abundance"
