"feature"	"metadata"	"value"	"coef"	"pval_individual"	"error"	"qval_individual"	"pval_joint"	"qval_joint"	"association"
"D_0__Bacteria.D_1__Firmicutes.D_2__Erysipelotrichia.D_3__Erysipelotrichales.D_4__Erysipelotrichaceae.D_5__Faecalibaculum"	"Day"	"Day"	3.33022748800893	3.48047636388957e-15	NA	2.01867629105595e-13	3.48047636388957e-15	1.21816672736135e-13	"abundance"
"D_0__Bacteria.D_1__Bacteroidetes.D_2__Bacteroidia.D_3__Bacteroidales.D_4__Prevotellaceae.D_5__Prevotellaceae.UCG.001"	"Day"	"Day"	-2.80867229376787	2.50918007897651e-08	NA	1.24742095354832e-06	5.01836009499317e-08	1.50550802849795e-06	"abundance"
"D_0__Bacteria.D_1__Actinobacteria.D_2__Coriobacteriia.D_3__Coriobacteriales.D_4__Eggerthellaceae.D_5__Enterorhabdus"	"Diet"	"Keto"	1.70126563057011	1.26792408039908e-07	NA	5.515469749736e-06	1.26792408039908e-07	3.32830071104758e-06	"abundance"
"D_0__Bacteria.D_1__Firmicutes.D_2__Clostridia.D_3__Clostridiales.D_4__Christensenellaceae.D_5__uncultured"	"Diet"	"Keto"	-2.56305354573281	1.03978224546198e-06	NA	4.02049134911966e-05	2.07956340977685e-06	4.85231462281264e-05	"abundance"
"D_0__Bacteria.D_1__Verrucomicrobia.D_2__Verrucomicrobiae.D_3__Verrucomicrobiales.D_4__Akkermansiaceae.D_5__Akkermansia"	"Day"	"Day"	1.79524410757059	7.12656774821445e-06	NA	0.000248004557637863	7.12656774821445e-06	0.000149657922712504	"abundance"
"D_0__Bacteria.D_1__Actinobacteria.D_2__Actinobacteria.D_3__Bifidobacteriales.D_4__Bifidobacteriaceae.D_5__Bifidobacterium"	"Day"	"Day"	0.880111019644823	1.90203148677626e-05	NA	0.000551589131165116	3.80402679631476e-05	0.000665704689355083	"abundance"
"D_0__Bacteria.D_1__Bacteroidetes.D_2__Bacteroidia.D_3__Bacteroidales.D_4__Bacteroidaceae.D_5__Bacteroides"	"Day"	"Day"	0.343328145669092	1.89074371098701e-05	NA	0.000551589131165116	1.89074371098701e-05	0.000360960163006612	"abundance"
"D_0__Bacteria.D_1__Bacteroidetes.D_2__Bacteroidia.D_3__Bacteroidales.D_4__Marinifilaceae.D_5__Butyricimonas"	"Day"	"Day"	0.358632727876629	5.16319698677199e-05	NA	0.00138214811645896	5.16319698677199e-05	0.000834054897863167	"abundance"
"D_0__Bacteria.D_1__Bacteroidetes.D_2__Bacteroidia.D_3__Bacteroidales.D_4__Tannerellaceae.D_5__Parabacteroides"	"Diet"	"Keto"	-2.17810100493779	7.36393534559415e-05	NA	0.00179895332924239	0.000147273284157506	0.00203537474351484	"abundance"
"D_0__Bacteria.D_1__Firmicutes.D_2__Clostridia.D_3__Clostridiales.D_4__Clostridiaceae.1.D_5__Candidatus.Arthromitus"	"Day"	"Day"	-2.43590241951903	0.000125872315628363	NA	0.0027377228649169	0.000125872315628363	0.00188808473442545	"abundance"
"D_0__Bacteria.D_1__Actinobacteria.D_2__Coriobacteriia.D_3__Coriobacteriales.D_4__Eggerthellaceae.D_5__Enterorhabdus"	"Day"	"Day"	0.0547217934575189	0.000617994150333117	NA	0.0115930444728713	0.000617994150333117	0.0073844584046546	"abundance"
"D_0__Bacteria.D_1__Firmicutes.D_2__Clostridia.D_3__Clostridiales.D_4__Lachnospiraceae.D_5__GCA.900066575"	"Diet"	"Keto"	2.75131818789171	0.000610240238184135	NA	0.0115930444728713	0.00122010808321997	0.0128111348738097	"abundance"
"D_0__Bacteria.D_1__Tenericutes.D_2__Mollicutes.D_3__Mollicutes.RF39.__.__"	"Day"	"Day"	-1.35608144569689	0.000632953577541823	NA	0.0115930444728713	0.000632953577541823	0.0073844584046546	"abundance"
"D_0__Bacteria.D_1__Firmicutes.D_2__Clostridia.D_3__Clostridiales.D_4__Ruminococcaceae.D_5__uncultured"	"Diet"	"Keto"	2.03722604550093	0.00068755950268917	NA	0.0119635353467916	0.0013746462673086	0.013746462673086	"abundance"
"D_0__Bacteria.D_1__Firmicutes.D_2__Clostridia.D_3__Clostridiales.D_4__Lachnospiraceae.D_5__Acetatifactor"	"Diet"	"Keto"	1.86269960300807	0.00110648251299678	NA	0.018335995929661	0.00110648251299678	0.0122295435647013	"abundance"
"D_0__Bacteria.D_1__Bacteroidetes.D_2__Bacteroidia.D_3__Bacteroidales.D_4__Muribaculaceae.D_5__uncultured.Bacteroidales.bacterium"	"Day"	"Day"	-1.22846087508694	0.0015861343380777	NA	0.0229989479021267	0.0015861343380777	0.0151403732271053	"abundance"
"D_0__Bacteria.D_1__Firmicutes.D_2__Clostridia.D_3__Clostridiales.D_4__Lachnospiraceae.D_5__Tyzzerella.3"	"Day"	"Day"	-1.97208359051105	0.00237765204033905	NA	0.0318239580783842	0.00237765204033905	0.0217089968900522	"abundance"
"D_0__Bacteria.D_1__Cyanobacteria.D_2__Melainabacteria.D_3__Gastranaerophilales.__.__"	"Day"	"Day"	-2.17666118357534	0.00265448173865631	NA	0.0329914158947284	0.00304423938410885	0.0245880873331868	"abundance"
"D_0__Bacteria.D_1__Firmicutes.D_2__Clostridia.D_3__Clostridiales.D_4__Lachnospiraceae.D_5__Lachnospiraceae.FCS020.group"	"Diet"	"Keto"	-2.07092112551443	0.00315294085435967	NA	0.0342882317911614	0.00629594067268824	0.0413171106645166	"abundance"
"D_0__Bacteria.D_1__Firmicutes.D_2__Clostridia.D_3__Clostridiales.D_4__Ruminococcaceae.D_5__Ruminococcaceae.UCG.014"	"Diet"	"Keto"	-1.60797964206217	0.00291656886889321	NA	0.0342882317911614	0.00291656886889321	0.024499178498703	"abundance"
"D_0__Bacteria.D_1__Firmicutes.D_2__Clostridia.D_3__Clostridiales.D_4__Lachnospiraceae.D_5__ASF356"	"Day"	"Day"	-2.20523434528764	0.00411617037526612	NA	0.0422343834753845	0.00416305049539703	0.0323792816308658	"abundance"
"D_0__Bacteria.D_1__Firmicutes.D_2__Clostridia.D_3__Clostridiales.D_4__Ruminococcaceae.D_5__Anaerotruncus"	"Diet"	"Keto"	-1.70138269313711	0.0042477109817197	NA	0.0422343834753845	0.00847737891485518	0.0508345746273309	"abundance"
"D_0__Bacteria.D_1__Firmicutes.D_2__Clostridia.D_3__Clostridiales.D_4__Lachnospiraceae.D_5__Lachnospiraceae.NK4A136.group"	"Diet"	"Keto"	1.45606860381641	0.00515585827370344	NA	0.0484929372769945	0.00515585827370344	0.0373822529611488	"abundance"
"D_0__Bacteria.D_1__Firmicutes.D_2__Clostridia.D_3__Clostridiales.D_4__Lachnospiraceae.D_5__Tyzzerella"	"Day"	"Day"	0.204870179338457	0.00530131589532819	NA	0.0485488929361635	0.0105745278404343	0.0569397652946464	"abundance"
"D_0__Bacteria.D_1__Proteobacteria.D_2__Deltaproteobacteria.D_3__Desulfovibrionales.D_4__Desulfovibrionaceae.D_5__uncultured"	"Day"	"Day"	0.297005644175925	0.00677882476143681	NA	0.0604879747943592	0.0135116970577273	0.0692062532225059	"abundance"
"D_0__Bacteria.D_1__Firmicutes.D_2__Clostridia.D_3__Clostridiales.D_4__Christensenellaceae.D_5__uncultured"	"Day"	"Day"	-0.0168534744586207	0.00730489067118364	NA	0.0620024866724855	0.0145564199146493	0.071089492606427	"abundance"
"D_0__Bacteria.D_1__Firmicutes.D_2__Clostridia.D_3__Clostridiales.D_4__Lachnospiraceae.D_5__Lachnospiraceae.UCG.001"	"Day"	"Day"	-1.89623272472045	0.0081865700155923	NA	0.0678315801291933	0.0081865700155923	0.0508345746273309	"abundance"
"D_0__Bacteria.D_1__Firmicutes.D_2__Clostridia.D_3__Clostridiales.D_4__Peptococcaceae.D_5__Peptococcus"	"Diet"	"Keto"	1.12862880980827	0.00878402725768443	NA	0.0683619194010767	0.00878402725768443	0.0508345746273309	"abundance"
"D_0__Bacteria.D_1__Firmicutes.D_2__Clostridia.D_3__Clostridiales.D_4__Ruminococcaceae.D_5__Ruminiclostridium.9"	"Diet"	"Keto"	1.27386331193512	0.00852311843000615	NA	0.0683619194010767	0.00852311843000615	0.0508345746273309	"abundance"
"D_0__Bacteria.D_1__Firmicutes.D_2__Erysipelotrichia.D_3__Erysipelotrichales.D_4__Erysipelotrichaceae.D_5__Erysipelatoclostridium"	"Diet"	"Keto"	1.64188684451912	0.00895656791052973	NA	0.0683619194010767	0.00895656791052973	0.0508345746273309	"abundance"
"D_0__Bacteria.D_1__Bacteroidetes.D_2__Bacteroidia.D_3__Bacteroidales.D_4__Muribaculaceae.__"	"Day"	"Day"	-1.18925037408287	0.0112551234744356	NA	0.0799343463082365	0.0223835691444464	0.100011691921995	"abundance"
"D_0__Bacteria.D_1__Firmicutes.D_2__Clostridia.D_3__Clostridiales.D_4__Ruminococcaceae.D_5__Ruminiclostridium.5"	"Diet"	"Keto"	-1.33841417556675	0.0110501634830067	NA	0.0799343463082365	0.0219782208530122	0.100011691921995	"abundance"
"D_0__Bacteria.D_1__Firmicutes.D_2__Clostridia.D_3__Clostridiales.D_4__Peptostreptococcaceae.D_5__Romboutsia"	"Diet"	"Keto"	3.07810398905067	0.013461029983666	NA	0.091069433681205	0	0	"abundance"
"D_0__Bacteria.D_1__Firmicutes.D_2__Bacilli.D_3__Lactobacillales.D_4__Enterococcaceae.D_5__Enterococcus"	"Day"	"Day"	0.875022267642267	0.0153412406450979	NA	0.0999253838418574	0.0304471276256651	0.122959553872878	"abundance"
"D_0__Bacteria.D_1__Bacteroidetes.D_2__Bacteroidia.D_3__Bacteroidales.D_4__Tannerellaceae.D_5__Parabacteroides"	"Day"	"Day"	0.0096542740836301	0.0167040790507602	NA	0.10247535318252	0.0331291318445863	0.128835512728947	"abundance"
"D_0__Bacteria.D_1__Tenericutes.D_2__Mollicutes.D_3__Mollicutes.RF39.D_4__uncultured.bacterium.D_5__uncultured.bacterium"	"Day"	"Day"	-1.54772378063253	0.01707922553042	NA	0.10247535318252	0.0270309728538729	0.113793270592185	"abundance"
"D_0__Bacteria.D_1__Firmicutes.D_2__Clostridia.D_3__Clostridiales.D_4__Ruminococcaceae.D_5__Harryflintia"	"Day"	"Day"	0.277812778847731	0.0193453499818965	NA	0.112203029895	0.0383164573978709	0.140686834398563	"abundance"
"D_0__Bacteria.D_1__Firmicutes.D_2__Clostridia.D_3__Clostridiales.D_4__Ruminococcaceae.D_5__Candidatus.Soleaferrea"	"Diet"	"Keto"	0.894009463379417	0.0203186906458954	NA	0.114045792607376	0.0402245321022273	0.140686834398563	"abundance"
"D_0__Bacteria.D_1__Firmicutes.D_2__Erysipelotrichia.D_3__Erysipelotrichales.D_4__Erysipelotrichaceae.D_5__Turicibacter"	"Day"	"Day"	2.70653073649961	0.0250128158401447	NA	0.128664725479597	0.0493999907240364	0.154835791821607	"abundance"
"D_0__Bacteria.D_1__Tenericutes.D_2__Mollicutes.D_3__Mollicutes.RF39.__.__"	"Diet"	"Keto"	-1.75237424262777	0.0245254877420872	NA	0.128664725479597	0.0484494759351872	0.154157423430141	"abundance"
"D_0__Bacteria.D_1__Bacteroidetes.D_2__Bacteroidia.D_3__Bacteroidales.D_4__Marinifilaceae.D_5__Butyricimonas"	"Diet"	"Keto"	-1.1074249888602	0.0263553869532039	NA	0.131023923710214	0.0263553869532039	0.113793270592185	"abundance"
"D_0__Bacteria.D_1__Bacteroidetes.D_2__Bacteroidia.D_3__Bacteroidales.D_4__Muribaculaceae.D_5__uncultured.Bacteroidales.bacterium"	"Diet"	"Keto"	0.817031121502727	0.0276355085723878	NA	0.132455737834514	0.0276355085723878	0.113793270592185	"abundance"
"D_0__Bacteria.D_1__Firmicutes.D_2__Clostridia.D_3__Clostridiales.D_4__Lachnospiraceae.D_5__.Eubacterium..xylanophilum.group"	"Day"	"Day"	-1.28352997423806	0.0272458345903362	NA	0.132455737834514	0.0272458345903362	0.113793270592185	"abundance"
"D_0__Bacteria.D_1__Firmicutes.D_2__Clostridia.D_3__Clostridiales.D_4__Ruminococcaceae.D_5__Ruminococcaceae.UCG.005"	"Day"	"Day"	-0.0481605515715147	0.0294586345930682	NA	0.138535200518753	0.0580494580340485	0.169310919265975	"abundance"
"D_0__Bacteria.D_1__Firmicutes.D_2__Clostridia.D_3__Clostridiales.D_4__Peptococcaceae.D_5__Peptococcus"	"Day"	"Day"	0.0167727245755715	0.0305179878037181	NA	0.139740259943341	0.0601046280278483	0.170567187646596	"abundance"
"D_0__Bacteria.D_1__Deferribacteres.D_2__Deferribacteres.D_3__Deferribacterales.D_4__Deferribacteraceae.D_5__Mucispirillum"	"Diet"	"Keto"	-2.00592770378634	0.0325992200117544	NA	0.147158207826444	0.0325992200117544	0.128835512728947	"abundance"
"D_0__Bacteria.D_1__Proteobacteria.D_2__Gammaproteobacteria.D_3__Betaproteobacteriales.D_4__Burkholderiaceae.D_5__Parasutterella"	"Day"	"Day"	0.264440034380239	0.0329837362369615	NA	0.147158207826444	0.0648795456177736	0.181662727729766	"abundance"
"D_0__Bacteria.D_1__Firmicutes.D_2__Bacilli.D_3__Lactobacillales.D_4__Streptococcaceae.D_5__Lactococcus"	"Day"	"Day"	-0.242883438719198	0.0366793179840726	NA	0.155663447054357	0.0720132636003685	0.186701053778733	"abundance"
"D_0__Bacteria.D_1__Firmicutes.D_2__Clostridia.D_3__Clostridiales.D_4__Ruminococcaceae.D_5__Ruminiclostridium"	"Day"	"Day"	0.0320664810998888	0.0395835469164603	NA	0.163988980082478	0.0395835469164603	0.140686834398563	"abundance"
"D_0__Bacteria.D_1__Verrucomicrobia.D_2__Verrucomicrobiae.D_3__Verrucomicrobiales.D_4__Akkermansiaceae.D_5__Akkermansia"	"Diet"	"Keto"	2.56315450408946	0.0442951380872861	NA	0.181349506522066	0.0442951380872861	0.145343421848908	"abundance"
"D_0__Bacteria.D_1__Firmicutes.D_2__Clostridia.D_3__Clostridiales.D_4__Lachnospiraceae.D_5__A2"	"Day"	"Day"	0.063742563476973	0.0453016953198885	NA	0.183313836875828	0.0453016953198885	0.146359323341178	"abundance"
"D_0__Bacteria.D_1__Firmicutes.D_2__Clostridia.D_3__Clostridiales.D_4__Clostridiales.vadinBB60.group.D_5__uncultured.bacterium"	"Diet"	"Keto"	-2.00933861597445	0.0497477283980351	NA	0.196729653210411	0.0970206203153055	0.231526480297888	"abundance"
"D_0__Bacteria.D_1__Firmicutes.D_2__Clostridia.D_3__Clostridiales.D_4__Ruminococcaceae.D_5__Butyricicoccus"	"Day"	"Day"	-1.70729484111915	0.0504210858939179	NA	0.197152111135769	0.0142047721384343	0.0710238606921715	"abundance"
"D_0__Bacteria.D_1__Bacteroidetes.D_2__Bacteroidia.D_3__Bacteroidales.D_4__Rikenellaceae.D_5__Alistipes"	"Day"	"Day"	-0.226342321092968	0.0523925344054986	NA	0.202584466367928	0.0523925344054986	0.159455539494996	"abundance"
"D_0__Bacteria.D_1__Firmicutes.D_2__Clostridia.D_3__Clostridiales.D_4__Lachnospiraceae.D_5__Lachnoclostridium"	"Day"	"Day"	-1.2222489744698	0.0556154822642565	NA	0.208109546537218	0.0556154822642565	0.164496496837942	"abundance"
"D_0__Bacteria.D_1__Firmicutes.D_2__Clostridia.D_3__Clostridiales.D_4__Lachnospiraceae.D_5__Tyzzerella"	"Diet"	"Keto"	0.971106369639247	0.0597658322938908	NA	0.221260740832702	0.115959709878	0.267599330487693	"abundance"
"D_0__Bacteria.D_1__Bacteroidetes.D_2__Bacteroidia.D_3__Bacteroidales.D_4__Muribaculaceae.D_5__Gram.negative.bacterium.cTPY.13"	"Day"	"Day"	-1.39181369597835	0.060718007927037	NA	0.22241965009062	0.117749339367446	0.268775665947432	"abundance"
"D_0__Bacteria.D_1__Cyanobacteria.D_2__Melainabacteria.D_3__Gastranaerophilales.__.__"	"Diet"	"Keto"	-2.09120333007666	0.0664938355849915	NA	0.223562447454211	0.00941809308928641	0.0520473565460565	"abundance"
"D_0__Bacteria.D_1__Firmicutes.D_2__Bacilli.D_3__Lactobacillales.D_4__Enterococcaceae.D_5__Enterococcus"	"Diet"	"Keto"	2.3539571560378	0.0656424531664734	NA	0.223562447454211	0.126975974675234	0.283669730657438	"abundance"
"D_0__Bacteria.D_1__Firmicutes.D_2__Clostridia.D_3__Clostridiales.__.__"	"Diet"	"Keto"	3.61701932662783	0.0685566368336764	NA	0.223562447454211	0.0703657702829738	0.184710146992806	"abundance"
"D_0__Bacteria.D_1__Firmicutes.D_2__Clostridia.D_3__Clostridiales.D_4__Lachnospiraceae.__"	"Diet"	"Keto"	0.832677931611664	0.0687390283839096	NA	0.223562447454211	0.0687390283839096	0.184710146992806	"abundance"
"D_0__Bacteria.D_1__Firmicutes.D_2__Clostridia.D_3__Clostridiales.D_4__Ruminococcaceae.D_5__Ruminococcaceae.UCG.014"	"Day"	"Day"	-1.03112115909972	0.0682619238582197	NA	0.223562447454211	0.0682619238582197	0.184710146992806	"abundance"
"D_0__Bacteria.D_1__Firmicutes.D_2__Erysipelotrichia.D_3__Erysipelotrichales.D_4__Erysipelotrichaceae.D_5__uncultured"	"Day"	"Day"	-1.46691105855141	0.0673752685698562	NA	0.223562447454211	0	0	"abundance"
"D_0__Bacteria.D_1__Firmicutes.D_2__Clostridia.D_3__Clostridiales.D_4__Lachnospiraceae.D_5__Lachnospiraceae.UCG.006"	"Day"	"Day"	-1.34161823518217	0.0808641425219749	NA	0.245268089947812	0.0808641425219749	0.20459602324837	"abundance"
"D_0__Bacteria.D_1__Firmicutes.D_2__Clostridia.D_3__Clostridiales.D_4__Ruminococcaceae.D_5__Butyricicoccus"	"Diet"	"Keto"	-2.22133558484918	0.0817560299826041	NA	0.245268089947812	0.156828011526692	0.326078043768369	"abundance"
"D_0__Bacteria.D_1__Firmicutes.D_2__Clostridia.D_3__Clostridiales.D_4__Ruminococcaceae.D_5__Ruminococcaceae.UCG.010"	"Day"	"Day"	-0.0453265280344868	0.0813890423852814	NA	0.245268089947812	0.0958354138564337	0.231326861032771	"abundance"
"D_0__Bacteria.D_1__Firmicutes.D_2__Clostridia.D_3__Clostridiales.D_4__Ruminococcaceae.D_5__Ruminococcaceae.UCG.009"	"Day"	"Day"	-1.04015348446992	0.0871307773234492	NA	0.2534949350211	0.0871307773234492	0.217005487678448	"abundance"
"D_0__Bacteria.D_1__Firmicutes.D_2__Clostridia.D_3__Clostridiales.D_4__Ruminococcaceae.D_5__Ruminococcus.1"	"Diet"	"Keto"	1.04201760090215	0.0886049208324506	NA	0.2534949350211	0.0886049208324506	0.217005487678448	"abundance"
"D_0__Bacteria.D_1__Firmicutes.D_2__Bacilli.D_3__Lactobacillales.D_4__Streptococcaceae.D_5__Lactococcus"	"Diet"	"Keto"	-0.852267049397139	0.0908134799447528	NA	0.256935699355886	0.17337987174983	0.346759743499659	"abundance"
"D_0__Bacteria.D_1__Firmicutes.D_2__Clostridia.D_3__Clostridiales.D_4__Ruminococcaceae.D_5__Anaerotruncus"	"Day"	"Day"	-1.02182346893613	0.104028048089793	NA	0.291949683348773	0.104028048089793	0.245459439312994	"abundance"
"D_0__Bacteria.D_1__Proteobacteria.D_2__Gammaproteobacteria.D_3__Betaproteobacteriales.D_4__Burkholderiaceae.D_5__Parasutterella"	"Diet"	"Keto"	1.22908873700985	0.107788616025301	NA	0.297701891879403	0.203958846305952	0.396586645594906	"abundance"
"D_0__Bacteria.D_1__Firmicutes.D_2__Clostridia.D_3__Clostridiales.D_4__Lachnospiraceae.D_5__uncultured"	"Diet"	"Keto"	0.735003369386724	0.114412372118605	NA	0.311058636697457	0.114412372118605	0.266962201610078	"abundance"
"D_0__Bacteria.D_1__Firmicutes.D_2__Clostridia.D_3__Clostridiales.__.__"	"Day"	"Day"	1.25852097298246	0.125037063290106	NA	0.326074501939065	0.20973696630684	0.404080393802168	"abundance"
"D_0__Bacteria.D_1__Firmicutes.D_2__Clostridia.D_3__Clostridiales.D_4__Lachnospiraceae.D_5__Tyzzerella.3"	"Diet"	"Keto"	-1.8813281897002	0.129745807628107	NA	0.334455859663564	0.242657640659144	0.443113952508003	"abundance"
"D_0__Bacteria.D_1__Firmicutes.D_2__Clostridia.D_3__Clostridiales.D_4__Ruminococcaceae.D_5__Ruminiclostridium.1"	"Day"	"Day"	0.178777572464269	0.138171794001044	NA	0.353557237590905	0.25725214334462	0.461734616259574	"abundance"
"D_0__Bacteria.D_1__Firmicutes.D_2__Clostridia.D_3__Clostridiales.D_4__Lachnospiraceae.D_5__Lachnospiraceae.NK4A136.group"	"Day"	"Day"	-1.03144212673247	0.145332182456745	NA	0.366489851412662	0.145332182456745	0.311426105264454	"abundance"
"D_0__Bacteria.D_1__Firmicutes.D_2__Clostridia.D_3__Clostridiales.D_4__Christensenellaceae.D_5__Christensenellaceae.R.7.group"	"Day"	"Day"	-1.27332936607024	0.163003646326208	NA	0.397068515034309	0.299437103936777	0.503503038600923	"abundance"
"D_0__Bacteria.D_1__Firmicutes.D_2__Clostridia.D_3__Clostridiales.D_4__Ruminococcaceae.D_5__Ruminiclostridium.9"	"Day"	"Day"	-0.185246744386548	0.162642327717107	NA	0.397068515034309	0.162642327717107	0.33160086233585	"abundance"
"D_0__Bacteria.D_1__Firmicutes.D_2__Clostridia.D_3__Clostridiales.D_4__Lachnospiraceae.D_5__Lachnospiraceae.UCG.010"	"Day"	"Day"	0.255533809782349	0.175401189770421	NA	0.418079548219908	0.320036802167963	0.529194712246238	"abundance"
"D_0__Bacteria.D_1__Firmicutes.D_2__Clostridia.D_3__Clostridiales.D_4__Ruminococcaceae.D_5__uncultured"	"Day"	"Day"	-0.16741819472147	0.197444097175517	NA	0.461144602799193	0.355904022841578	0.572895584426023	"abundance"
"D_0__Bacteria.D_1__Firmicutes.D_2__Clostridia.D_3__Clostridiales.D_4__Eubacteriaceae.D_5__Anaerofustis"	"Diet"	"Keto"	-1.06507921253002	0.214354945323405	NA	0.490760006398323	0.131973796303464	0.291731549723447	"abundance"
"D_0__Bacteria.D_1__Firmicutes.D_2__Bacilli.D_3__Lactobacillales.D_4__Lactobacillaceae.D_5__Lactobacillus"	"Diet"	"Keto"	-0.679530132408608	0.220732685684499	NA	0.492652404049129	0.220732685684499	0.417602378322025	"abundance"
"D_0__Bacteria.D_1__Firmicutes.D_2__Clostridia.D_3__Clostridiales.D_4__Peptococcaceae.D_5__uncultured"	"Day"	"Day"	-0.351760308253409	0.219387456492915	NA	0.492652404049129	0.3906440569194	0.61680640566221	"abundance"
"D_0__Bacteria.D_1__Bacteroidetes.D_2__Bacteroidia.D_3__Bacteroidales.D_4__Prevotellaceae.D_5__Prevotellaceae.UCG.001"	"Diet"	"Keto"	-0.921909285226845	0.227920675618967	NA	0.497307419057999	0.403372226458822	0.627467907824835	"abundance"
"D_0__Bacteria.D_1__Firmicutes.D_2__Clostridia.D_3__Clostridiales.D_4__Lachnospiraceae.D_5__ASF356"	"Diet"	"Keto"	-1.8127288119274	0.230076133529706	NA	0.497307419057999	0.00516231112320627	0.0373822529611488	"abundance"
"D_0__Bacteria.D_1__Firmicutes.D_2__Clostridia.D_3__Clostridiales.D_4__Ruminococcaceae.D_5__Ruminococcaceae.UCG.013"	"Day"	"Day"	-0.316750016297113	0.229834206692746	NA	0.497307419057999	0.059450872470678	0.170567187646596	"abundance"
"D_0__Bacteria.D_1__Firmicutes.D_2__Erysipelotrichia.D_3__Erysipelotrichales.D_4__Erysipelotrichaceae.D_5__Turicibacter"	"Diet"	"Keto"	3.79156685299654	0.227143784262558	NA	0.497307419057999	0.402693269796	0.627467907824835	"abundance"
"D_0__Bacteria.D_1__Firmicutes.D_2__Erysipelotrichia.D_3__Erysipelotrichales.D_4__Erysipelotrichaceae.D_5__Erysipelatoclostridium"	"Day"	"Day"	-0.255162543450096	0.248667764520477	NA	0.534175197858803	0.248667764520477	0.450174401287071	"abundance"
"D_0__Bacteria.D_1__Bacteroidetes.D_2__Bacteroidia.D_3__Bacteroidales.D_4__Rikenellaceae.D_5__Alistipes"	"Diet"	"Keto"	-0.676988398256449	0.266108042094349	NA	0.563813082841662	0.266108042094349	0.472762933644535	"abundance"
"D_0__Bacteria.D_1__Firmicutes.D_2__Clostridia.D_3__Clostridiales.D_4__Ruminococcaceae.D_5__Ruminococcaceae.UCG.004"	"Diet"	"Keto"	-1.4286374970077	0.268945321125621	NA	0.563813082841662	0.165387530459116	0.333955590350139	"abundance"
"D_0__Bacteria.D_1__Firmicutes.D_2__Clostridia.D_3__Clostridiales.D_4__Ruminococcaceae.D_5__Ruminococcaceae.UCG.005"	"Diet"	"Keto"	-0.857148125040149	0.26585901901706	NA	0.563813082841662	0.299704189643407	0.503503038600923	"abundance"
"D_0__Bacteria.D_1__Firmicutes.D_2__Clostridia.D_3__Clostridiales.D_4__Lachnospiraceae.D_5__Lachnospiraceae.FCS020.group"	"Day"	"Day"	-0.920320016466842	0.276767608778916	NA	0.566559575618016	0.276767608778916	0.478327842894525	"abundance"
"D_0__Bacteria.D_1__Firmicutes.D_2__Clostridia.D_3__Clostridiales.D_4__Ruminococcaceae.D_5__Ruminiclostridium"	"Diet"	"Keto"	0.379700758285691	0.279694079743446	NA	0.568443107138643	0.279694079743446	0.478327842894525	"abundance"
"D_0__Bacteria.D_1__Firmicutes.D_2__Clostridia.D_3__Clostridiales.D_4__Lachnospiraceae.D_5__Marvinbryantia"	"Diet"	"Keto"	-0.962293428396785	0.298045570202391	NA	0.576580599805623	1.53008648514102e-15	6.42636323759229e-14	"abundance"
"D_0__Bacteria.D_1__Firmicutes.D_2__Clostridia.D_3__Clostridiales.D_4__Ruminococcaceae.D_5__Intestinimonas"	"Day"	"Day"	-1.30109369027	0.293664593575358	NA	0.576580599805623	0.017991035792886	0.0858663071933195	"abundance"
"D_0__Bacteria.D_1__Tenericutes.D_2__Mollicutes.D_3__Anaeroplasmatales.D_4__Anaeroplasmataceae.D_5__Anaeroplasma"	"Diet"	"Keto"	1.32424123337168	0.298544753881402	NA	0.576580599805623	0.507960537692697	0.720754816996394	"abundance"
"D_0__Bacteria.D_1__Firmicutes.D_2__Clostridia.D_3__Clostridiales.D_4__Ruminococcaceae.D_5__.Eubacterium..coprostanoligenes.group"	"Day"	"Day"	-0.882649559972933	0.324148980978632	NA	0.616414455631497	0.0695712206103302	0.184710146992806	"abundance"
"D_0__Bacteria.D_1__Firmicutes.D_2__Clostridia.D_3__Clostridiales.D_4__Ruminococcaceae.D_5__Ruminiclostridium.6"	"Diet"	"Keto"	-0.852139363486482	0.334240533290523	NA	0.625353255833881	0.556764332486712	0.764186338707252	"abundance"
"D_0__Bacteria.D_1__Firmicutes.D_2__Clostridia.D_3__Clostridiales.D_4__Eubacteriaceae.D_5__Anaerofustis"	"Day"	"Day"	-0.896925291466019	0.337815344322784	NA	0.628661710290528	0.033753599491106	0.128877379875132	"abundance"
"D_0__Bacteria.D_1__Firmicutes.D_2__Clostridia.D_3__Clostridiales.D_4__Lachnospiraceae.D_5__.Eubacterium..ventriosum.group"	"Day"	"Day"	-1.02296621521166	0.34025924264992	NA	0.629841576820065	0.0408661757062493	0.140686834398563	"abundance"
"D_0__Bacteria.D_1__Firmicutes.D_2__Clostridia.D_3__Clostridiales.D_4__Lachnospiraceae.D_5__Acetitomaculum"	"Diet"	"Keto"	-1.4449046933904	0.346236200501227	NA	0.637514273938766	0.572592894464928	0.780808492452174	"abundance"
"D_0__Bacteria.D_1__Firmicutes.D_2__Clostridia.D_3__Clostridiales.D_4__Ruminococcaceae.D_5__Oscillibacter"	"Diet"	"Keto"	0.309666732462744	0.357377721713376	NA	0.651138466786675	0.357377721713376	0.572895584426023	"abundance"
"D_0__Bacteria.D_1__Firmicutes.D_2__Clostridia.D_3__Clostridiales.D_4__Family.XIII.D_5__.Eubacterium..nodatum.group"	"Diet"	"Keto"	0.597388757455444	0.369262586308059	NA	0.662388556882498	0.276520548967662	0.478327842894525	"abundance"
"D_0__Bacteria.D_1__Firmicutes.D_2__Clostridia.D_3__Clostridiales.D_4__Peptostreptococcaceae.D_5__Romboutsia"	"Day"	"Day"	-0.0594764386161319	0.36802631775613	NA	0.662388556882498	0	0	"abundance"
"D_0__Bacteria.D_1__Firmicutes.D_2__Clostridia.D_3__Clostridiales.D_4__Lachnospiraceae.D_5__Lachnospiraceae.UCG.001"	"Diet"	"Keto"	-1.41012677698457	0.376917069899867	NA	0.672652001667455	0.201520508381677	0.395507539814507	"abundance"
"D_0__Bacteria.D_1__Firmicutes.D_2__Clostridia.D_3__Clostridiales.D_4__Ruminococcaceae.D_5__Negativibacillus"	"Day"	"Day"	-0.136468681197228	0.385257584305402	NA	0.681245051730535	0.0218154616645608	0.100011691921995	"abundance"
"D_0__Bacteria.D_1__Firmicutes.D_2__Clostridia.D_3__Clostridiales.D_4__Family.XIII.D_5__Anaerovorax"	"Diet"	"Keto"	0.748471602691518	0.402909350989526	NA	0.708143707799772	0.591132062460628	0.788197689592644	"abundance"
"D_0__Bacteria.D_1__Firmicutes.D_2__Clostridia.D_3__Clostridiales.D_4__Lachnospiraceae.D_5__Lachnospiraceae.UCG.006"	"Diet"	"Keto"	0.379545510050466	0.428666230553435	NA	0.748443626327161	0.553775021159873	0.764186338707252	"abundance"
"D_0__Bacteria.D_1__Firmicutes.D_2__Clostridia.D_3__Clostridiales.D_4__Family.XIII.D_5__.Eubacterium..nodatum.group"	"Day"	"Day"	-0.212235688819613	0.44367055636006	NA	0.753157822503906	0.00276800381716903	0.024220033400229	"abundance"
"D_0__Bacteria.D_1__Firmicutes.D_2__Clostridia.D_3__Clostridiales.D_4__Ruminococcaceae.D_5__Candidatus.Soleaferrea"	"Day"	"Day"	-0.38490329832752	0.442280995932007	NA	0.753157822503906	0.688949512501406	0.882191448934728	"abundance"
"D_0__Bacteria.D_1__Firmicutes.D_2__Clostridia.D_3__Clostridiales.D_4__Lachnospiraceae.D_5__A2"	"Diet"	"Keto"	-0.795967430505331	0.451123671169353	NA	0.756910636504047	0.451123671169353	0.681553747809814	"abundance"
"D_0__Bacteria.D_1__Firmicutes.D_2__Clostridia.D_3__Clostridiales.D_4__Lachnospiraceae.D_5__Marvinbryantia"	"Day"	"Day"	-0.775397478908625	0.452406357450695	NA	0.756910636504047	0.000155076170934464	0.00203537474351484	"abundance"
"D_0__Bacteria.D_1__Firmicutes.D_2__Clostridia.D_3__Clostridiales.D_4__Ruminococcaceae.__"	"Day"	"Day"	-0.369970268203249	0.451032394584289	NA	0.756910636504047	0.451032394584289	0.681553747809814	"abundance"
"D_0__Bacteria.D_1__Deferribacteres.D_2__Deferribacteres.D_3__Deferribacterales.D_4__Deferribacteraceae.D_5__Mucispirillum"	"Day"	"Day"	-0.8934222951877	0.464613375200764	NA	0.76993073604698	0.464613375200764	0.687104287268735	"abundance"
"D_0__Bacteria.D_1__Firmicutes.D_2__Clostridia.D_3__Clostridiales.D_4__Ruminococcaceae.__"	"Diet"	"Keto"	0.177908104096059	0.469350802745763	NA	0.773156338022409	0.469350802745763	0.689256423612659	"abundance"
"D_0__Bacteria.D_1__Firmicutes.D_2__Clostridia.D_3__Clostridiales.D_4__Lachnospiraceae.D_5__Dorea"	"Diet"	"Keto"	0.216539931530054	0.476982850788359	NA	0.776915925125963	0.00618288578557097	0.0413171106645166	"abundance"
"D_0__Bacteria.D_1__Proteobacteria.D_2__Deltaproteobacteria.D_3__Desulfovibrionales.D_4__Desulfovibrionaceae.D_5__uncultured"	"Diet"	"Keto"	0.170736758426382	0.479991160638167	NA	0.776915925125963	0.729590806985559	0.910667139644886	"abundance"
"D_0__Bacteria.D_1__Firmicutes.D_2__Clostridia.D_3__Clostridiales.D_4__Clostridiaceae.1.D_5__Candidatus.Arthromitus"	"Diet"	"Keto"	0.388446974869597	0.498276289658244	NA	0.802778466671615	0.0509761448172739	0.157426329582758	"abundance"
"D_0__Bacteria.D_1__Actinobacteria.D_2__Coriobacteriia.D_3__Coriobacteriales.D_4__Eggerthellaceae.__"	"Diet"	"Keto"	0.905077693210869	0.501663114371137	NA	0.80451043226339	0.280163450838222	0.478327842894525	"abundance"
"D_0__Bacteria.D_1__Actinobacteria.D_2__Actinobacteria.D_3__Bifidobacteriales.D_4__Bifidobacteriaceae.D_5__Bifidobacterium"	"Diet"	"Keto"	-1.41699977473879	0.513172792997951	NA	0.810487296368225	0.147060950303866	0.311947470341534	"abundance"
"D_0__Bacteria.D_1__Bacteroidetes.D_2__Bacteroidia.D_3__Bacteroidales.D_4__Muribaculaceae.D_5__Gram.negative.bacterium.cTPY.13"	"Diet"	"Keto"	-0.713282121049688	0.514199983289011	NA	0.810487296368225	0.763998343763603	0.93204966995795	"abundance"
"D_0__Bacteria.D_1__Firmicutes.D_2__Clostridia.D_3__Clostridiales.D_4__Clostridiales.vadinBB60.group.__"	"Day"	"Day"	0.41693694470937	0.520376011483758	NA	0.810487296368225	0.0738240685846358	0.189061639058214	"abundance"
"D_0__Bacteria.D_1__Firmicutes.D_2__Clostridia.D_3__Clostridiales.D_4__Clostridiales.vadinBB60.group.D_5__uncultured.bacterium"	"Day"	"Day"	-0.797511862937416	0.521814439517606	NA	0.810487296368225	0.136689972408691	0.299009314644013	"abundance"
"D_0__Bacteria.D_1__Firmicutes.D_2__Clostridia.D_3__Clostridiales.D_4__Family.XIII.D_5__.Eubacterium..brachy.group"	"Diet"	"Keto"	0.0557651749668978	0.524021958858766	NA	0.810487296368225	0.54658805729512	0.764186338707252	"abundance"
"D_0__Bacteria.D_1__Firmicutes.D_2__Clostridia.D_3__Clostridiales.D_4__Ruminococcaceae.D_5__Ruminiclostridium.6"	"Day"	"Day"	-0.825697615648818	0.516185399175363	NA	0.810487296368225	0.0433667497493377	0.144555832497792	"abundance"
"D_0__Bacteria.D_1__Tenericutes.D_2__Mollicutes.D_3__Anaeroplasmatales.D_4__Anaeroplasmataceae.D_5__Anaeroplasma"	"Day"	"Day"	-0.88546842538708	0.531999244980188	NA	0.819184678111085	0.23240585513161	0.42811604892665	"abundance"
"D_0__Bacteria.D_1__Tenericutes.D_2__Mollicutes.D_3__Mollicutes.RF39.D_4__uncultured.Lachnospiraceae.bacterium.D_5__uncultured.Lachnospiraceae.bacterium"	"Day"	"Day"	-0.403365213218839	0.537760792416007	NA	0.820792788424432	0.675259597644593	0.869966352793647	"abundance"
"D_0__Bacteria.D_1__Firmicutes.D_2__Clostridia.D_3__Clostridiales.D_4__Ruminococcaceae.D_5__UBA1819"	"Day"	"Day"	-0.389163609995484	0.566558426183417	NA	0.846190267432744	0.333532604124017	0.547201928640966	"abundance"
"D_0__Bacteria.D_1__Firmicutes.D_2__Clostridia.D_3__Clostridiales.D_4__Lachnospiraceae.D_5__Blautia"	"Day"	"Day"	-0.413745422610617	0.579831952086519	NA	0.855006437822495	0.579831952086519	0.785578773794639	"abundance"
"D_0__Bacteria.D_1__Firmicutes.D_2__Clostridia.D_3__Clostridiales.D_4__Clostridiales.vadinBB60.group.D_5__uncultured.Clostridia.bacterium"	"Diet"	"Keto"	-0.79804666593486	0.597258622828944	NA	0.866025003101969	0.161268968976123	0.33160086233585	"abundance"
"D_0__Bacteria.D_1__Firmicutes.D_2__Clostridia.D_3__Clostridiales.D_4__Lachnospiraceae.D_5__Blautia"	"Diet"	"Keto"	0.0997273640463339	0.593585156791114	NA	0.866025003101969	0.593585156791114	0.788197689592644	"abundance"
"D_0__Bacteria.D_1__Firmicutes.D_2__Clostridia.D_3__Clostridiales.D_4__Ruminococcaceae.D_5__Ruminococcus.1"	"Day"	"Day"	-0.792387676655667	0.593558483547227	NA	0.866025003101969	0.593558483547227	0.788197689592644	"abundance"
"D_0__Bacteria.D_1__Cyanobacteria.D_2__Melainabacteria.D_3__Gastranaerophilales.D_4__uncultured.bacterium.D_5__uncultured.bacterium"	"Diet"	"Keto"	-0.996660783555023	0.607609059664865	NA	0.877377397358395	0.2284265346829	0.42811604892665	"abundance"
"D_0__Bacteria.D_1__Firmicutes.D_2__Clostridia.D_3__Clostridiales.D_4__Ruminococcaceae.D_5__Ruminiclostridium.1"	"Diet"	"Keto"	-0.928825505048866	0.621426370763814	NA	0.882679089901254	0.0364980612764756	0.136867729786784	"abundance"
"D_0__Bacteria.D_1__Firmicutes.D_2__Erysipelotrichia.D_3__Erysipelotrichales.D_4__Erysipelotrichaceae.D_5__uncultured"	"Diet"	"Keto"	-0.63605230867673	0.61715119504162	NA	0.882679089901254	2.84865407816901e-27	1.49554339103873e-25	"abundance"
"D_0__Bacteria.D_1__Firmicutes.D_2__Clostridia.D_3__Clostridiales.D_4__Ruminococcaceae.D_5__Ruminococcaceae.NK4A214.group"	"Diet"	"Keto"	-0.426491308543758	0.625983822816711	NA	0.885538090813884	0.123130746548598	0.278037169625865	"abundance"
"D_0__Bacteria.D_1__Firmicutes.D_2__Clostridia.D_3__Clostridiales.D_4__Ruminococcaceae.D_5__.Eubacterium..coprostanoligenes.group"	"Diet"	"Keto"	-0.487345146754918	0.6322610088706	NA	0.890796886991777	0.472938830043559	0.68970246048019	"abundance"
"D_0__Bacteria.D_1__Firmicutes.D_2__Clostridia.D_3__Clostridiales.D_4__Christensenellaceae.D_5__Christensenellaceae.R.7.group"	"Diet"	"Keto"	0.094263640309089	0.649394683772879	NA	0.910244906222693	0.87707591223328	0.984951559192454	"abundance"
"D_0__Bacteria.D_1__Firmicutes.D_2__Clostridia.D_3__Clostridiales.D_4__Lachnospiraceae.D_5__Lachnospiraceae.UCG.010"	"Diet"	"Keto"	-0.739945833935937	0.65129592428003	NA	0.910244906222693	0.727920923513359	0.910667139644886	"abundance"
"D_0__Bacteria.D_1__Firmicutes.D_2__Clostridia.D_3__Clostridiales.D_4__Ruminococcaceae.D_5__GCA.900066225"	"Day"	"Day"	-0.453548084126842	0.655508018892908	NA	0.912467162298928	0.463584708059181	0.687104287268735	"abundance"
"D_0__Bacteria.D_1__Bacteroidetes.D_2__Bacteroidia.D_3__Bacteroidales.D_4__Muribaculaceae.D_5__uncultured.bacterium"	"Diet"	"Keto"	-0.340719778597687	0.665087016426083	NA	0.918453498874114	0.665087016426083	0.862149836107885	"abundance"
"D_0__Bacteria.D_1__Firmicutes.D_2__Clostridia.D_3__Clostridiales.D_4__Ruminococcaceae.D_5__Ruminococcaceae.UCG.009"	"Diet"	"Keto"	-0.0356911736031775	0.673680147994026	NA	0.922994848432761	0.792697868188171	0.940488996155457	"abundance"
"D_0__Bacteria.D_1__Firmicutes.D_2__Clostridia.D_3__Clostridiales.D_4__Family.XIII.D_5__Anaerovorax"	"Day"	"Day"	-0.827578384299251	0.695508072692899	NA	0.941777468082214	0.907284666204807	0.994448720565699	"abundance"
"D_0__Bacteria.D_1__Firmicutes.D_2__Clostridia.D_3__Clostridiales.D_4__Lachnospiraceae.D_5__Roseburia"	"Diet"	"Keto"	-0.520381563061866	0.694613604776223	NA	0.941777468082214	0.906739149612227	0.994448720565699	"abundance"
"D_0__Bacteria.D_1__Proteobacteria.D_2__Gammaproteobacteria.D_3__Enterobacteriales.D_4__Enterobacteriaceae.D_5__Escherichia.Shigella"	"Diet"	"Keto"	-0.950310538257272	0.693442240297237	NA	0.941777468082214	0.374435515750381	0.595692865966515	"abundance"
"D_0__Bacteria.D_1__Firmicutes.D_2__Clostridia.D_3__Clostridiales.D_4__Family.XIII.D_5__Family.XIII.UCG.001"	"Diet"	"Keto"	-0.0537752722684257	0.707116534836107	NA	0.943714218680552	0.822261967855807	0.954005598064748	"abundance"
"D_0__Bacteria.D_1__Firmicutes.D_2__Clostridia.D_3__Clostridiales.D_4__Lachnospiraceae.D_5__Acetatifactor"	"Day"	"Day"	-0.70976519634129	0.707426914587856	NA	0.943714218680552	0.754953126683547	0.927135418734181	"abundance"
"D_0__Bacteria.D_1__Firmicutes.D_2__Clostridia.D_3__Clostridiales.D_4__Peptococcaceae.D_5__uncultured"	"Diet"	"Keto"	-0.0591718360794364	0.721594499754356	NA	0.954809452146448	0.922490377432972	0.994448720565699	"abundance"
"D_0__Bacteria.D_1__Firmicutes.D_2__Clostridia.D_3__Clostridiales.D_4__Ruminococcaceae.D_5__Oscillibacter"	"Day"	"Day"	-0.692743231173228	0.732870221904694	NA	0.962410706501259	0.732870221904694	0.910667139644886	"abundance"
"D_0__Bacteria.D_1__Firmicutes.D_2__Clostridia.D_3__Clostridiales.D_4__Family.XIII.D_5__Family.XIII.UCG.001"	"Day"	"Day"	-0.6709516723815	0.750795950386847	NA	0.978565508369374	0.750795950386847	0.927135418734181	"abundance"
"D_0__Bacteria.D_1__Firmicutes.D_2__Clostridia.D_3__Clostridiales.D_4__Lachnospiraceae.D_5__Acetitomaculum"	"Day"	"Day"	-0.754072286362181	0.749283706015325	NA	0.978565508369374	0.499859602332032	0.714085146188617	"abundance"
"D_0__Bacteria.D_1__Firmicutes.D_2__Clostridia.D_3__Clostridiales.D_4__Ruminococcaceae.D_5__UBA1819"	"Diet"	"Keto"	-0.0276319497822007	0.757214535352006	NA	0.983248725009321	0.720162476980792	0.910667139644886	"abundance"
"D_0__Bacteria.D_1__Tenericutes.D_2__Mollicutes.D_3__Mollicutes.RF39.D_4__uncultured.bacterium.D_5__uncultured.bacterium"	"Diet"	"Keto"	-0.425360742990606	0.772495664738166	NA	0.995661078995858	0.0395419508148464	0.140686834398563	"abundance"
"D_0__Bacteria.D_1__Bacteroidetes.D_2__Bacteroidia.D_3__Bacteroidales.D_4__Bacteroidaceae.D_5__Bacteroides"	"Diet"	"Keto"	-0.129647236743351	0.777662314228796	NA	0.995666493588416	0.777662314228796	0.933866504331204	"abundance"
"D_0__Bacteria.D_1__Actinobacteria.D_2__Coriobacteriia.D_3__Coriobacteriales.D_4__Eggerthellaceae.__"	"Day"	"Day"	-0.530546914863273	0.92326406980562	NA	1	0.144821741189811	0.311426105264454	"abundance"
"D_0__Bacteria.D_1__Bacteroidetes.D_2__Bacteroidia.D_3__Bacteroidales.D_4__Muribaculaceae.__"	"Diet"	"Keto"	-0.0995424658069676	0.79725571839837	NA	1	0.958894756277839	0.994448720565699	"abundance"
"D_0__Bacteria.D_1__Bacteroidetes.D_2__Bacteroidia.D_3__Bacteroidales.D_4__Muribaculaceae.D_5__uncultured.bacterium"	"Day"	"Day"	-0.59024738481488	1	NA	1	1	1	"abundance"
"D_0__Bacteria.D_1__Cyanobacteria.D_2__Melainabacteria.D_3__Gastranaerophilales.D_4__uncultured.bacterium.D_5__uncultured.bacterium"	"Day"	"Day"	-0.421213323518197	0.865653168172558	NA	1	0.0670521796540565	0.184710146992806	"abundance"
"D_0__Bacteria.D_1__Firmicutes.D_2__Bacilli.D_3__Lactobacillales.D_4__Lactobacillaceae.D_5__Lactobacillus"	"Day"	"Day"	-0.597550678134708	0.970771370076039	NA	1	0.970771370076039	0.994448720565699	"abundance"
"D_0__Bacteria.D_1__Firmicutes.D_2__Clostridia.D_3__Clostridiales.D_4__Clostridiales.vadinBB60.group.__"	"Diet"	"Keto"	0.264984539586253	0.850310820372893	NA	1	0.784618166652471	0.93619213066488	"abundance"
"D_0__Bacteria.D_1__Firmicutes.D_2__Clostridia.D_3__Clostridiales.D_4__Clostridiales.vadinBB60.group.D_5__uncultured.Clostridia.bacterium"	"Day"	"Day"	-0.501254676162452	0.837218575326034	NA	1	0.497831781145493	0.714085146188617	"abundance"
"D_0__Bacteria.D_1__Firmicutes.D_2__Clostridia.D_3__Clostridiales.D_4__Family.XIII.D_5__.Eubacterium..brachy.group"	"Day"	"Day"	-0.629572150675568	0.86613167876006	NA	1	0.86613167876006	0.983176500214123	"abundance"
"D_0__Bacteria.D_1__Firmicutes.D_2__Clostridia.D_3__Clostridiales.D_4__Lachnospiraceae.__"	"Day"	"Day"	-0.630799913090521	0.889934874053695	NA	1	0.889934874053695	0.988816526726327	"abundance"
"D_0__Bacteria.D_1__Firmicutes.D_2__Clostridia.D_3__Clostridiales.D_4__Lachnospiraceae.D_5__.Eubacterium..ventriosum.group"	"Diet"	"Keto"	0.044091265225888	0.813859866542836	NA	1	0.315753189748516	0.526255316247527	"abundance"
"D_0__Bacteria.D_1__Firmicutes.D_2__Clostridia.D_3__Clostridiales.D_4__Lachnospiraceae.D_5__.Eubacterium..xylanophilum.group"	"Diet"	"Keto"	-0.321825387665765	0.872853002560831	NA	1	0.0421546964275116	0.142782036286733	"abundance"
"D_0__Bacteria.D_1__Firmicutes.D_2__Clostridia.D_3__Clostridiales.D_4__Lachnospiraceae.D_5__Dorea"	"Day"	"Day"	-0.569512064442872	0.944692507739348	NA	1	0.855061797558015	0.981218456214116	"abundance"
"D_0__Bacteria.D_1__Firmicutes.D_2__Clostridia.D_3__Clostridiales.D_4__Lachnospiraceae.D_5__GCA.900066575"	"Day"	"Day"	-0.538519111677167	0.862231359522325	NA	1	0.23089230839261	0.42811604892665	"abundance"
"D_0__Bacteria.D_1__Firmicutes.D_2__Clostridia.D_3__Clostridiales.D_4__Lachnospiraceae.D_5__Lachnoclostridium"	"Diet"	"Keto"	-0.318618320199422	0.882331876661611	NA	1	0.882331876661611	0.985583479249672	"abundance"
"D_0__Bacteria.D_1__Firmicutes.D_2__Clostridia.D_3__Clostridiales.D_4__Lachnospiraceae.D_5__Roseburia"	"Day"	"Day"	-0.687831500208635	0.803333666672903	NA	1	0.961322353335675	0.994448720565699	"abundance"
"D_0__Bacteria.D_1__Firmicutes.D_2__Clostridia.D_3__Clostridiales.D_4__Lachnospiraceae.D_5__uncultured"	"Day"	"Day"	-0.643809570869657	0.861600539706511	NA	1	0.861600539706511	0.983176500214123	"abundance"
"D_0__Bacteria.D_1__Firmicutes.D_2__Clostridia.D_3__Clostridiales.D_4__Ruminococcaceae.D_5__GCA.900066225"	"Diet"	"Keto"	-0.237010476120653	0.981481091325501	NA	1	0.989330501626272	1	"abundance"
"D_0__Bacteria.D_1__Firmicutes.D_2__Clostridia.D_3__Clostridiales.D_4__Ruminococcaceae.D_5__Harryflintia"	"Diet"	"Keto"	-0.378825992447836	0.864840557655302	NA	1	0.267898995731903	0.472762933644535	"abundance"
"D_0__Bacteria.D_1__Firmicutes.D_2__Clostridia.D_3__Clostridiales.D_4__Ruminococcaceae.D_5__Intestinimonas"	"Diet"	"Keto"	-0.0876224970660516	0.899484528537893	NA	1	0.96585459136868	0.994448720565699	"abundance"
"D_0__Bacteria.D_1__Firmicutes.D_2__Clostridia.D_3__Clostridiales.D_4__Ruminococcaceae.D_5__Negativibacillus"	"Diet"	"Keto"	-0.450739516613671	0.814979132523025	NA	1	0.914610781842165	0.994448720565699	"abundance"
"D_0__Bacteria.D_1__Firmicutes.D_2__Clostridia.D_3__Clostridiales.D_4__Ruminococcaceae.D_5__Ruminiclostridium.5"	"Day"	"Day"	-0.600190749672191	0.964593236363792	NA	1	0.99874636108881	1	"abundance"
"D_0__Bacteria.D_1__Firmicutes.D_2__Clostridia.D_3__Clostridiales.D_4__Ruminococcaceae.D_5__Ruminococcaceae.NK4A214.group"	"Day"	"Day"	-0.59146550673028	0.994794505290951	NA	1	0.994794505290951	1	"abundance"
"D_0__Bacteria.D_1__Firmicutes.D_2__Clostridia.D_3__Clostridiales.D_4__Ruminococcaceae.D_5__Ruminococcaceae.UCG.004"	"Day"	"Day"	-0.655478934550905	0.845874462698128	NA	1	0.482973769055163	0.699479251735063	"abundance"
"D_0__Bacteria.D_1__Firmicutes.D_2__Clostridia.D_3__Clostridiales.D_4__Ruminococcaceae.D_5__Ruminococcaceae.UCG.010"	"Diet"	"Keto"	-0.190914645325742	0.957855197378741	NA	1	0.767831394774883	0.93204966995795	"abundance"
"D_0__Bacteria.D_1__Firmicutes.D_2__Clostridia.D_3__Clostridiales.D_4__Ruminococcaceae.D_5__Ruminococcaceae.UCG.013"	"Diet"	"Keto"	-0.213720062923868	0.977729736484072	NA	1	0.95691968131455	0.994448720565699	"abundance"
"D_0__Bacteria.D_1__Firmicutes.D_2__Erysipelotrichia.D_3__Erysipelotrichales.D_4__Erysipelotrichaceae.D_5__Faecalibaculum"	"Diet"	"Keto"	-0.271119474204092	0.940680483352166	NA	1	0.940680483352166	0.994448720565699	"abundance"
"D_0__Bacteria.D_1__Proteobacteria.D_2__Gammaproteobacteria.D_3__Enterobacteriales.D_4__Enterobacteriaceae.D_5__Escherichia.Shigella"	"Day"	"Day"	-0.408987489538029	0.82430911464338	NA	1	0.0547984902858032	0.16439547085741	"abundance"
"D_0__Bacteria.D_1__Tenericutes.D_2__Mollicutes.D_3__Mollicutes.RF39.D_4__uncultured.Lachnospiraceae.bacterium.D_5__uncultured.Lachnospiraceae.bacterium"	"Diet"	"Keto"	-0.187907099746284	0.949138675436461	NA	1	0.803932274465887	0.948459424931665	"abundance"
"D_0__Bacteria.D_1__Tenericutes.D_2__Mollicutes.D_3__Mollicutes.RF39.D_4__unidentified.D_5__unidentified"	"Day"	"Day"	-0.558047507297075	0.95559759085218	NA	1	0.00617786435451831	0.0413171106645166	"abundance"
"D_0__Bacteria.D_1__Tenericutes.D_2__Mollicutes.D_3__Mollicutes.RF39.D_4__unidentified.D_5__unidentified"	"Diet"	"Keto"	0.0851121812052818	0.801633340698897	NA	1	0.154855876685939	0.325197341040473	"abundance"
"D_0__Bacteria.D_1__Actinobacteria.D_2__Coriobacteriia.D_3__Coriobacteriales.D_4__Eggerthellaceae.D_5__Gordonibacter"	"Day"	"Day"	NA	NA	"number of levels of each grouping factor must be < number of observations (problems: mouse)"	NA	0.951595594230851	0.994448720565699	"abundance"
"D_0__Bacteria.D_1__Actinobacteria.D_2__Coriobacteriia.D_3__Coriobacteriales.D_4__Eggerthellaceae.D_5__Gordonibacter"	"Diet"	"Keto"	NA	NA	"number of levels of each grouping factor must be < number of observations (problems: mouse)"	NA	0.437278169092342	0.670280405178043	"abundance"
"D_0__Bacteria.D_1__Firmicutes.D_2__Bacilli.D_3__Lactobacillales.D_4__Streptococcaceae.D_5__Streptococcus"	"Day"	"Day"	0.718383734759789	1.0096049309917e-20	"Model may not have converged with 1 eigenvalue close to zero: 6.9e-12"	NA	0.596778250691573	0.788197689592644	"abundance"
"D_0__Bacteria.D_1__Firmicutes.D_2__Bacilli.D_3__Lactobacillales.D_4__Streptococcaceae.D_5__Streptococcus"	"Diet"	"Keto"	-0.809470636928649	0.0566921152534325	"Model may not have converged with 1 eigenvalue close to zero: 6.9e-12"	NA	0.178932376541971	0.354488670507678	"abundance"
"D_0__Bacteria.D_1__Firmicutes.D_2__Clostridia.D_3__Clostridiales.D_4__Christensenellaceae.__"	"Day"	"Day"	NA	NA	"contrasts can be applied only to factors with 2 or more levels"	NA	0.218799024705298	0.417602378322025	"abundance"
"D_0__Bacteria.D_1__Firmicutes.D_2__Clostridia.D_3__Clostridiales.D_4__Christensenellaceae.__"	"Diet"	"Keto"	NA	NA	"contrasts can be applied only to factors with 2 or more levels"	NA	0.977980338891717	0.99697024838476	"abundance"
"D_0__Bacteria.D_1__Firmicutes.D_2__Clostridia.D_3__Clostridiales.D_4__Clostridiaceae.1.D_5__Clostridium.sensu.stricto.1"	"Day"	"Day"	NA	NA	"number of levels of each grouping factor must be < number of observations (problems: mouse)"	NA	0.948092207506357	0.994448720565699	"abundance"
"D_0__Bacteria.D_1__Firmicutes.D_2__Clostridia.D_3__Clostridiales.D_4__Clostridiaceae.1.D_5__Clostridium.sensu.stricto.1"	"Diet"	"Keto"	NA	NA	"number of levels of each grouping factor must be < number of observations (problems: mouse)"	NA	0.437267877719316	0.670280405178043	"abundance"
"D_0__Bacteria.D_1__Firmicutes.D_2__Clostridia.D_3__Clostridiales.D_4__Clostridiales.vadinBB60.group.D_5__uncultured.Clostridiales.bacterium"	"Day"	"Day"	NA	NA	"number of levels of each grouping factor must be < number of observations (problems: mouse)"	NA	0.876262677879817	0.984951559192454	"abundance"
"D_0__Bacteria.D_1__Firmicutes.D_2__Clostridia.D_3__Clostridiales.D_4__Clostridiales.vadinBB60.group.D_5__uncultured.Clostridiales.bacterium"	"Diet"	"Keto"	NA	NA	"number of levels of each grouping factor must be < number of observations (problems: mouse)"	NA	0.77822208694267	0.933866504331204	"abundance"
"D_0__Bacteria.D_1__Firmicutes.D_2__Clostridia.D_3__Clostridiales.D_4__Family.XIII.D_5__Family.XIII.AD3011.group"	"Day"	"Day"	NA	NA	"number of levels of each grouping factor must be < number of observations (problems: mouse)"	NA	0.0117652898691071	0.0617677718128123	"abundance"
"D_0__Bacteria.D_1__Firmicutes.D_2__Clostridia.D_3__Clostridiales.D_4__Family.XIII.D_5__Family.XIII.AD3011.group"	"Diet"	"Keto"	NA	NA	"number of levels of each grouping factor must be < number of observations (problems: mouse)"	NA	0.546857391753237	0.764186338707252	"abundance"
"D_0__Bacteria.D_1__Firmicutes.D_2__Clostridia.D_3__Clostridiales.D_4__Lachnospiraceae.D_5__Butyrivibrio"	"Day"	"Day"	NA	NA	"No data points have the baseline factor level"	NA	0.830737346313324	0.958543091899989	"abundance"
"D_0__Bacteria.D_1__Firmicutes.D_2__Clostridia.D_3__Clostridiales.D_4__Lachnospiraceae.D_5__Butyrivibrio"	"Diet"	"Keto"	NA	NA	"No data points have the baseline factor level"	NA	0.969658187523314	0.994448720565699	"abundance"
"D_0__Bacteria.D_1__Firmicutes.D_2__Clostridia.D_3__Clostridiales.D_4__Lachnospiraceae.D_5__Lachnospiraceae.UCG.004"	"Day"	"Day"	-2.99154856730325	0.00601909477423312	"Model may not have converged with 1 eigenvalue close to zero: 5.4e-09"	NA	0.728864523319704	0.910667139644886	"abundance"
"D_0__Bacteria.D_1__Firmicutes.D_2__Clostridia.D_3__Clostridiales.D_4__Lachnospiraceae.D_5__Lachnospiraceae.UCG.004"	"Diet"	"Keto"	-3.54325500004513	0.010220526880834	"Model may not have converged with 1 eigenvalue close to zero: 5.4e-09"	NA	0.553254015457081	0.764186338707252	"abundance"
"D_0__Bacteria.D_1__Firmicutes.D_2__Clostridia.D_3__Clostridiales.D_4__Ruminococcaceae.D_5__Papillibacter"	"Day"	"Day"	-0.172825292696707	0.884347406747218	"Model may not have converged with 1 eigenvalue close to zero: 9.6e-11"	NA	0.459397916087387	0.687104287268735	"abundance"
"D_0__Bacteria.D_1__Firmicutes.D_2__Clostridia.D_3__Clostridiales.D_4__Ruminococcaceae.D_5__Papillibacter"	"Diet"	"Keto"	-0.185171885398121	0.849347056840371	"Model may not have converged with 1 eigenvalue close to zero: 9.6e-11"	NA	0.813846809376742	0.954005598064748	"abundance"
"D_0__Bacteria.D_1__Firmicutes.D_2__Clostridia.D_3__DTU014.D_4__uncultured.bacterium.D_5__uncultured.bacterium"	"Day"	"Day"	NA	NA	"not a positive definite matrix (and positive semidefiniteness is not checked)"	NA	0.8217556421191	0.954005598064748	"abundance"
"D_0__Bacteria.D_1__Firmicutes.D_2__Clostridia.D_3__DTU014.D_4__uncultured.bacterium.D_5__uncultured.bacterium"	"Diet"	"Keto"	NA	NA	"not a positive definite matrix (and positive semidefiniteness is not checked)"	NA	0.612231029394018	0.803553226079649	"abundance"
"D_0__Bacteria.D_1__Firmicutes.D_2__Erysipelotrichia.D_3__Erysipelotrichales.D_4__Erysipelotrichaceae.D_5__uncultured.bacterium"	"Day"	"Day"	NA	NA	"number of levels of each grouping factor must be < number of observations (problems: mouse)"	NA	0.939162664388584	0.994448720565699	"abundance"
"D_0__Bacteria.D_1__Firmicutes.D_2__Erysipelotrichia.D_3__Erysipelotrichales.D_4__Erysipelotrichaceae.D_5__uncultured.bacterium"	"Diet"	"Keto"	NA	NA	"number of levels of each grouping factor must be < number of observations (problems: mouse)"	NA	0.08886891400165	0.217005487678448	"abundance"
"D_0__Bacteria.D_1__Tenericutes.D_2__Mollicutes.D_3__Mollicutes.RF39.D_4__gut.metagenome.D_5__gut.metagenome"	"Day"	"Day"	NA	NA	"contrasts can be applied only to factors with 2 or more levels"	NA	0.661729025061791	0.862149836107885	"abundance"
"D_0__Bacteria.D_1__Tenericutes.D_2__Mollicutes.D_3__Mollicutes.RF39.D_4__gut.metagenome.D_5__gut.metagenome"	"Diet"	"Keto"	NA	NA	"contrasts can be applied only to factors with 2 or more levels"	NA	0.962534554802916	0.994448720565699	"abundance"
"D_0__Bacteria.D_1__Tenericutes.D_2__Mollicutes.D_3__Mollicutes.RF39.D_4__uncultured.Firmicutes.bacterium.D_5__uncultured.Firmicutes.bacterium"	"Day"	"Day"	NA	NA	"number of levels of each grouping factor must be < number of observations (problems: mouse)"	NA	0.356965974618226	0.572895584426023	"abundance"
"D_0__Bacteria.D_1__Tenericutes.D_2__Mollicutes.D_3__Mollicutes.RF39.D_4__uncultured.Firmicutes.bacterium.D_5__uncultured.Firmicutes.bacterium"	"Diet"	"Keto"	NA	NA	"number of levels of each grouping factor must be < number of observations (problems: mouse)"	NA	0.949611176358725	0.994448720565699	"abundance"
"D_0__Bacteria.D_1__Firmicutes.D_2__Clostridia.D_3__Clostridiales.D_4__Peptostreptococcaceae.D_5__Romboutsia"	"Day"	"Day"	11.4105863689565	0	NA	0	0	0	"prevalence"
"D_0__Bacteria.D_1__Firmicutes.D_2__Clostridia.D_3__Clostridiales.D_4__Peptostreptococcaceae.D_5__Romboutsia"	"Diet"	"Keto"	8.18179181660301	0	NA	0	0	0	"prevalence"
"D_0__Bacteria.D_1__Firmicutes.D_2__Erysipelotrichia.D_3__Erysipelotrichales.D_4__Erysipelotrichaceae.D_5__uncultured"	"Day"	"Day"	-11.7066039579705	0	NA	0	0	0	"prevalence"
"D_0__Bacteria.D_1__Firmicutes.D_2__Erysipelotrichia.D_3__Erysipelotrichales.D_4__Erysipelotrichaceae.D_5__uncultured"	"Diet"	"Keto"	-17.8999797742062	1.4243270390845e-27	NA	1.23916452400352e-25	2.84865407816901e-27	1.49554339103873e-25	"prevalence"
"D_0__Bacteria.D_1__Firmicutes.D_2__Clostridia.D_3__Clostridiales.D_4__Lachnospiraceae.D_5__Marvinbryantia"	"Diet"	"Keto"	-14.2037002201638	7.65043242570508e-16	NA	5.32470096829074e-14	1.53008648514102e-15	6.42636323759229e-14	"prevalence"
"D_0__Bacteria.D_1__Firmicutes.D_2__Clostridia.D_3__Clostridiales.D_4__Lachnospiraceae.D_5__Marvinbryantia"	"Day"	"Day"	-2.68256675261511	7.75410917776891e-05	NA	0.00179895332924239	0.000155076170934464	0.00203537474351484	"prevalence"
"D_0__Bacteria.D_1__Firmicutes.D_2__Clostridia.D_3__Clostridiales.D_4__Family.XIII.D_5__.Eubacterium..nodatum.group"	"Day"	"Day"	-2.0472835182711	0.0013849609670246	NA	0.0219075643874801	0.00276800381716903	0.024220033400229	"prevalence"
"D_0__Bacteria.D_1__Cyanobacteria.D_2__Melainabacteria.D_3__Gastranaerophilales.__.__"	"Day"	"Day"	-4.71800938864958	0.00152327988285518	NA	0.0229989479021267	0.00304423938410885	0.0245880873331868	"prevalence"
"D_0__Bacteria.D_1__Firmicutes.D_2__Clostridia.D_3__Clostridiales.D_4__Lachnospiraceae.D_5__ASF356"	"Day"	"Day"	-3.15420070999085	0.00208369614250566	NA	0.0290050503036788	0.00416305049539703	0.0323792816308658	"prevalence"
"D_0__Bacteria.D_1__Firmicutes.D_2__Clostridia.D_3__Clostridiales.D_4__Lachnospiraceae.D_5__ASF356"	"Diet"	"Keto"	-6.62763282848068	0.00258449536976129	NA	0.0329914158947284	0.00516231112320627	0.0373822529611488	"prevalence"
"D_0__Bacteria.D_1__Firmicutes.D_2__Clostridia.D_3__Clostridiales.D_4__Lachnospiraceae.D_5__Dorea"	"Diet"	"Keto"	2.00204986045414	0.00309623623218824	NA	0.0342882317911614	0.00618288578557097	0.0413171106645166	"prevalence"
"D_0__Bacteria.D_1__Tenericutes.D_2__Mollicutes.D_3__Mollicutes.RF39.D_4__unidentified.D_5__unidentified"	"Day"	"Day"	-1.59437490938893	0.00309371772193065	NA	0.0342882317911614	0.00617786435451831	0.0413171106645166	"prevalence"
"D_0__Bacteria.D_1__Cyanobacteria.D_2__Melainabacteria.D_3__Gastranaerophilales.__.__"	"Diet"	"Keto"	-9.06952223772409	0.00472018662553314	NA	0.045628470713487	0.00941809308928641	0.0520473565460565	"prevalence"
"D_0__Bacteria.D_1__Firmicutes.D_2__Clostridia.D_3__Clostridiales.D_4__Ruminococcaceae.D_5__Butyricicoccus"	"Day"	"Day"	-2.02668060974617	0.00712778875548859	NA	0.0620024866724855	0.0142047721384343	0.0710238606921715	"prevalence"
"D_0__Bacteria.D_1__Firmicutes.D_2__Clostridia.D_3__Clostridiales.D_4__Ruminococcaceae.D_5__Intestinimonas"	"Day"	"Day"	-1.20958738696035	0.00903634566795841	NA	0.0683619194010767	0.017991035792886	0.0858663071933195	"prevalence"
"D_0__Bacteria.D_1__Firmicutes.D_2__Clostridia.D_3__Clostridiales.D_4__Ruminococcaceae.D_5__Negativibacillus"	"Day"	"Day"	-1.31273779007467	0.0109678780062605	NA	0.0799343463082365	0.0218154616645608	0.100011691921995	"prevalence"
"D_0__Bacteria.D_1__Firmicutes.D_2__Clostridia.D_3__Clostridiales.D_4__Family.XIII.D_5__Family.XIII.AD3011.group"	"Day"	"Day"	-2.52234241647047	0.0117652898691071	NA	0.0818864174889855	0.0117652898691071	0.0617677718128123	"prevalence"
"D_0__Bacteria.D_1__Tenericutes.D_2__Mollicutes.D_3__Mollicutes.RF39.D_4__uncultured.bacterium.D_5__uncultured.bacterium"	"Day"	"Day"	-2.47339184608897	0.0136080762971916	NA	0.091069433681205	0.0270309728538729	0.113793270592185	"prevalence"
"D_0__Bacteria.D_1__Firmicutes.D_2__Clostridia.D_3__Clostridiales.D_4__Lachnospiraceae.D_5__Lachnospiraceae.FCS020.group"	"Diet"	"Keto"	-2.45714156784722	0.0155056630099434	NA	0.0999253838418574	0.00629594067268824	0.0413171106645166	"prevalence"
"D_0__Bacteria.D_1__Firmicutes.D_2__Clostridia.D_3__Clostridiales.D_4__Eubacteriaceae.D_5__Anaerofustis"	"Day"	"Day"	-1.10222389649023	0.0170216683421277	NA	0.10247535318252	0.033753599491106	0.128877379875132	"prevalence"
"D_0__Bacteria.D_1__Firmicutes.D_2__Clostridia.D_3__Clostridiales.D_4__Ruminococcaceae.D_5__Ruminiclostridium.1"	"Diet"	"Keto"	-3.03361895946045	0.0184186540466835	NA	0.108638840817727	0.0364980612764756	0.136867729786784	"prevalence"
"D_0__Bacteria.D_1__Tenericutes.D_2__Mollicutes.D_3__Mollicutes.RF39.D_4__uncultured.bacterium.D_5__uncultured.bacterium"	"Diet"	"Keto"	-4.16870187551782	0.0199703835163176	NA	0.11392940104391	0.0395419508148464	0.140686834398563	"prevalence"
"D_0__Bacteria.D_1__Firmicutes.D_2__Clostridia.D_3__Clostridiales.D_4__Lachnospiraceae.D_5__.Eubacterium..ventriosum.group"	"Day"	"Day"	-2.21054090771045	0.0206462210754733	NA	0.114045792607376	0.0408661757062493	0.140686834398563	"prevalence"
"D_0__Bacteria.D_1__Firmicutes.D_2__Clostridia.D_3__Clostridiales.D_4__Lachnospiraceae.D_5__.Eubacterium..xylanophilum.group"	"Diet"	"Keto"	2.27834957620054	0.0213042844824095	NA	0.115842046873102	0.0421546964275116	0.142782036286733	"prevalence"
"D_0__Bacteria.D_1__Firmicutes.D_2__Clostridia.D_3__Clostridiales.D_4__Ruminococcaceae.D_5__Ruminiclostridium.6"	"Day"	"Day"	-1.23558968803073	0.0219236991672571	NA	0.117376112464699	0.0433667497493377	0.144555832497792	"prevalence"
"D_0__Bacteria.D_1__Firmicutes.D_2__Clostridia.D_3__Clostridiales.D_4__Clostridiaceae.1.D_5__Candidatus.Arthromitus"	"Diet"	"Keto"	2.36291515843097	0.0258214459439553	NA	0.130229901282557	0.0509761448172739	0.157426329582758	"prevalence"
"D_0__Bacteria.D_1__Proteobacteria.D_2__Gammaproteobacteria.D_3__Enterobacteriales.D_4__Enterobacteriaceae.D_5__Escherichia.Shigella"	"Day"	"Day"	-0.915131787600655	0.0277852553503435	NA	0.132455737834514	0.0547984902858032	0.16439547085741	"prevalence"
"D_0__Bacteria.D_1__Firmicutes.D_2__Clostridia.D_3__Clostridiales.D_4__Ruminococcaceae.D_5__Ruminococcaceae.UCG.013"	"Day"	"Day"	-0.844085322198024	0.0301808789628233	NA	0.139740259943341	0.059450872470678	0.170567187646596	"prevalence"
"D_0__Bacteria.D_1__Cyanobacteria.D_2__Melainabacteria.D_3__Gastranaerophilales.D_4__uncultured.bacterium.D_5__uncultured.bacterium"	"Day"	"Day"	-9.00010629800954	0.0341077594545324	NA	0.150246839116168	0.0670521796540565	0.184710146992806	"prevalence"
"D_0__Bacteria.D_1__Firmicutes.D_2__Clostridia.D_3__Clostridiales.__.__"	"Diet"	"Keto"	-1.93925125365504	0.0358245856084971	NA	0.153913034466136	0.0703657702829738	0.184710146992806	"prevalence"
"D_0__Bacteria.D_1__Firmicutes.D_2__Clostridia.D_3__Clostridiales.D_4__Ruminococcaceae.D_5__.Eubacterium..coprostanoligenes.group"	"Day"	"Day"	-1.449628692599	0.0354126377617889	NA	0.153913034466136	0.0695712206103302	0.184710146992806	"prevalence"
"D_0__Bacteria.D_1__Firmicutes.D_2__Clostridia.D_3__Clostridiales.D_4__Clostridiales.vadinBB60.group.__"	"Day"	"Day"	-1.29608376754742	0.0376196534553689	NA	0.157730595210462	0.0738240685846358	0.189061639058214	"prevalence"
"D_0__Bacteria.D_1__Firmicutes.D_2__Clostridia.D_3__Clostridiales.D_4__Ruminococcaceae.D_5__Ruminococcaceae.UCG.010"	"Day"	"Day"	2.160378521326	0.0491243056300333	NA	0.196497222520133	0.0958354138564337	0.231326861032771	"prevalence"
"D_0__Bacteria.D_1__Firmicutes.D_2__Clostridia.D_3__Clostridiales.D_4__Ruminococcaceae.D_5__Harryflintia"	"Day"	"Day"	-0.71747174374525	0.053076157237772	NA	0.202972557348842	0.0383164573978709	0.140686834398563	"prevalence"
"D_0__Bacteria.D_1__Actinobacteria.D_2__Actinobacteria.D_3__Bifidobacteriales.D_4__Bifidobacteriaceae.D_5__Bifidobacterium"	"Day"	"Day"	2.68856123685459	0.0620189216094426	NA	0.223562447454211	3.80402679631476e-05	0.000665704689355083	"prevalence"
"D_0__Bacteria.D_1__Firmicutes.D_2__Bacilli.D_3__Lactobacillales.D_4__Enterococcaceae.D_5__Enterococcus"	"Day"	"Day"	0.656364244809194	0.0658376167325726	NA	0.223562447454211	0.0304471276256651	0.122959553872878	"prevalence"
"D_0__Bacteria.D_1__Firmicutes.D_2__Clostridia.D_3__Clostridiales.D_4__Eubacteriaceae.D_5__Anaerofustis"	"Diet"	"Keto"	-1.58690264864582	0.0683207613687339	NA	0.223562447454211	0.131973796303464	0.291731549723447	"prevalence"
"D_0__Bacteria.D_1__Firmicutes.D_2__Clostridia.D_3__Clostridiales.D_4__Ruminococcaceae.D_5__Ruminococcaceae.NK4A214.group"	"Diet"	"Keto"	-1.24499605286197	0.0635870283622709	NA	0.223562447454211	0.123130746548598	0.278037169625865	"prevalence"
"D_0__Bacteria.D_1__Firmicutes.D_2__Clostridia.D_3__Clostridiales.D_4__Ruminococcaceae.D_5__Ruminococcaceae.UCG.005"	"Day"	"Day"	-0.716931290924263	0.064941671846463	NA	0.223562447454211	0.0580494580340485	0.169310919265975	"prevalence"
"D_0__Bacteria.D_1__Firmicutes.D_2__Clostridia.D_3__Clostridiales.D_4__Clostridiales.vadinBB60.group.D_5__uncultured.bacterium"	"Day"	"Day"	-1.08875059041145	0.0708552170994509	NA	0.228311255098231	0.136689972408691	0.299009314644013	"prevalence"
"D_0__Bacteria.D_1__Actinobacteria.D_2__Coriobacteriia.D_3__Coriobacteriales.D_4__Eggerthellaceae.__"	"Day"	"Day"	-1.54131013710245	0.0752415132532227	NA	0.238036787382923	0.144821741189811	0.311426105264454	"prevalence"
"D_0__Bacteria.D_1__Actinobacteria.D_2__Actinobacteria.D_3__Bifidobacteriales.D_4__Bifidobacteriaceae.D_5__Bifidobacterium"	"Diet"	"Keto"	11.3999850804853	0.0764530062329616	NA	0.239690506027663	0.147060950303866	0.311947470341534	"prevalence"
"D_0__Bacteria.D_1__Tenericutes.D_2__Mollicutes.D_3__Mollicutes.RF39.D_4__unidentified.D_5__unidentified"	"Diet"	"Keto"	-1.63781691328139	0.0806827950516424	NA	0.245268089947812	0.154855876685939	0.325197341040473	"prevalence"
"D_0__Bacteria.D_1__Firmicutes.D_2__Clostridia.D_3__Clostridiales.D_4__Clostridiales.vadinBB60.group.D_5__uncultured.Clostridia.bacterium"	"Diet"	"Keto"	-1.74994485226772	0.0841774019910424	NA	0.25037381105028	0.161268968976123	0.33160086233585	"prevalence"
"D_0__Bacteria.D_1__Firmicutes.D_2__Clostridia.D_3__Clostridiales.D_4__Ruminococcaceae.D_5__Anaerotruncus"	"Diet"	"Keto"	-1.93130084228232	0.0882616314104189	NA	0.2534949350211	0.00847737891485518	0.0508345746273309	"prevalence"
"D_0__Bacteria.D_1__Firmicutes.D_2__Clostridia.D_3__Clostridiales.D_4__Ruminococcaceae.D_5__Ruminococcaceae.UCG.004"	"Diet"	"Keto"	-1.28571147353719	0.0864287277169429	NA	0.2534949350211	0.165387530459116	0.333955590350139	"prevalence"
"D_0__Bacteria.D_1__Firmicutes.D_2__Erysipelotrichia.D_3__Erysipelotrichales.D_4__Erysipelotrichaceae.D_5__uncultured.bacterium"	"Diet"	"Keto"	2.7079877432617	0.08886891400165	NA	0.2534949350211	0.08886891400165	0.217005487678448	"prevalence"
"D_0__Bacteria.D_1__Firmicutes.D_2__Clostridia.D_3__Clostridiales.D_4__Lachnospiraceae.D_5__Lachnospiraceae.UCG.001"	"Diet"	"Keto"	-1.48372986511774	0.106423203290102	NA	0.296282197959644	0.201520508381677	0.395507539814507	"prevalence"
"D_0__Bacteria.D_1__Firmicutes.D_2__Clostridia.D_3__Clostridiales.__.__"	"Day"	"Day"	-0.686749120151978	0.111032602570173	NA	0.304246816491498	0.20973696630684	0.404080393802168	"prevalence"
"D_0__Bacteria.D_1__Cyanobacteria.D_2__Melainabacteria.D_3__Gastranaerophilales.D_4__uncultured.bacterium.D_5__uncultured.bacterium"	"Diet"	"Keto"	-9.33420609870647	0.121607453744569	NA	0.326074501939065	0.2284265346829	0.42811604892665	"prevalence"
"D_0__Bacteria.D_1__Firmicutes.D_2__Clostridia.D_3__Clostridiales.D_4__Clostridiales.vadinBB60.group.D_5__uncultured.bacterium"	"Diet"	"Keto"	-16.6384822341075	0.125557423160445	NA	0.326074501939065	0.0970206203153055	0.231526480297888	"prevalence"
"D_0__Bacteria.D_1__Firmicutes.D_2__Clostridia.D_3__Clostridiales.D_4__Lachnospiraceae.D_5__GCA.900066575"	"Day"	"Day"	0.956688501819521	0.123012148540591	NA	0.326074501939065	0.23089230839261	0.42811604892665	"prevalence"
"D_0__Bacteria.D_1__Tenericutes.D_2__Mollicutes.D_3__Anaeroplasmatales.D_4__Anaeroplasmataceae.D_5__Anaeroplasma"	"Day"	"Day"	-0.610788105636389	0.123875496936428	NA	0.326074501939065	0.23240585513161	0.42811604892665	"prevalence"
"D_0__Bacteria.D_1__Firmicutes.D_2__Clostridia.D_3__Clostridiales.D_4__Ruminococcaceae.D_5__Harryflintia"	"Diet"	"Keto"	-1.05867431523599	0.144370989114969	NA	0.366489851412662	0.267898995731903	0.472762933644535	"prevalence"
"D_0__Bacteria.D_1__Firmicutes.D_2__Clostridia.D_3__Clostridiales.D_4__Family.XIII.D_5__.Eubacterium..nodatum.group"	"Diet"	"Keto"	1.46287481690724	0.149424047464109	NA	0.374097615233885	0.276520548967662	0.478327842894525	"prevalence"
"D_0__Bacteria.D_1__Actinobacteria.D_2__Coriobacteriia.D_3__Coriobacteriales.D_4__Eggerthellaceae.__"	"Diet"	"Keto"	-3.22215687908042	0.151568182373045	NA	0.376755196184427	0.280163450838222	0.478327842894525	"prevalence"
"D_0__Bacteria.D_1__Firmicutes.D_2__Clostridia.D_3__Clostridiales.D_4__Ruminococcaceae.D_5__Ruminococcaceae.UCG.005"	"Diet"	"Keto"	-1.21724101757253	0.163163211637661	NA	0.397068515034309	0.299704189643407	0.503503038600923	"prevalence"
"D_0__Bacteria.D_1__Bacteroidetes.D_2__Bacteroidia.D_3__Bacteroidales.D_4__Prevotellaceae.D_5__Prevotellaceae.UCG.001"	"Day"	"Day"	-4.5325454670236	0.167303450767873	NA	0.404316672689027	5.01836009499317e-08	1.50550802849795e-06	"prevalence"
"D_0__Bacteria.D_1__Firmicutes.D_2__Clostridia.D_3__Clostridiales.D_4__Lachnospiraceae.D_5__.Eubacterium..ventriosum.group"	"Diet"	"Keto"	2.98786922348273	0.172807875852602	NA	0.414738902046246	0.315753189748516	0.526255316247527	"prevalence"
"D_0__Bacteria.D_1__Firmicutes.D_2__Bacilli.D_3__Lactobacillales.D_4__Streptococcaceae.D_5__Streptococcus"	"Diet"	"Keto"	1.19130372468264	0.178932376541971	NA	0.423595013854462	0.178932376541971	0.354488670507678	"prevalence"
"D_0__Bacteria.D_1__Firmicutes.D_2__Clostridia.D_3__Clostridiales.D_4__Ruminococcaceae.D_5__UBA1819"	"Day"	"Day"	0.577952816975528	0.183625456131818	NA	0.431767964418058	0.333532604124017	0.547201928640966	"prevalence"
"D_0__Bacteria.D_1__Firmicutes.D_2__Clostridia.D_3__Clostridiales.D_4__Ruminococcaceae.D_5__Candidatus.Soleaferrea"	"Diet"	"Keto"	0.858308061854494	0.204821943004346	NA	0.475186907770082	0.0402245321022273	0.140686834398563	"prevalence"
"D_0__Bacteria.D_1__Proteobacteria.D_2__Gammaproteobacteria.D_3__Enterobacteriales.D_4__Enterobacteriaceae.D_5__Escherichia.Shigella"	"Diet"	"Keto"	1.18293828162233	0.209073654345982	NA	0.481838620611932	0.374435515750381	0.595692865966515	"prevalence"
"D_0__Bacteria.D_1__Firmicutes.D_2__Clostridia.D_3__Clostridiales.D_4__Christensenellaceae.__"	"Day"	"Day"	-3.84161070205797	0.218799024705298	NA	0.492652404049129	0.218799024705298	0.417602378322025	"prevalence"
"D_0__Bacteria.D_1__Firmicutes.D_2__Clostridia.D_3__Clostridiales.D_4__Lachnospiraceae.D_5__Lachnospiraceae.UCG.010"	"Day"	"Day"	-0.527150159779926	0.220844181125472	NA	0.492652404049129	0.320036802167963	0.529194712246238	"prevalence"
"D_0__Bacteria.D_1__Bacteroidetes.D_2__Bacteroidia.D_3__Bacteroidales.D_4__Prevotellaceae.D_5__Prevotellaceae.UCG.001"	"Diet"	"Keto"	-9.31822304531161	0.227583160760217	NA	0.497307419057999	0.403372226458822	0.627467907824835	"prevalence"
"D_0__Bacteria.D_1__Firmicutes.D_2__Clostridia.D_3__Clostridiales.D_4__Ruminococcaceae.D_5__GCA.900066225"	"Day"	"Day"	-0.391298444987751	0.267596223425344	NA	0.563813082841662	0.463584708059181	0.687104287268735	"prevalence"
"D_0__Bacteria.D_1__Firmicutes.D_2__Clostridia.D_3__Clostridiales.D_4__Lachnospiraceae.D_5__Tyzzerella.3"	"Diet"	"Keto"	-0.869190008707235	0.270736414142167	NA	0.564169294140563	0.242657640659144	0.443113952508003	"prevalence"
"D_0__Bacteria.D_1__Firmicutes.D_2__Clostridia.D_3__Clostridiales.D_4__Ruminococcaceae.D_5__.Eubacterium..coprostanoligenes.group"	"Diet"	"Keto"	1.34066065848235	0.274010213600466	NA	0.564234049307468	0.472938830043559	0.68970246048019	"prevalence"
"D_0__Bacteria.D_1__Firmicutes.D_2__Clostridia.D_3__Clostridiales.D_4__Ruminococcaceae.D_5__Ruminococcaceae.UCG.004"	"Day"	"Day"	0.374660596767956	0.280954639160479	NA	0.568443107138643	0.482973769055163	0.699479251735063	"prevalence"
"D_0__Bacteria.D_1__Bacteroidetes.D_2__Bacteroidia.D_3__Bacteroidales.D_4__Muribaculaceae.__"	"Day"	"Day"	-1.2219697485883	0.2890735882927	NA	0.576580599805623	0.0223835691444464	0.100011691921995	"prevalence"
"D_0__Bacteria.D_1__Firmicutes.D_2__Clostridia.D_3__Clostridiales.D_4__Clostridiales.vadinBB60.group.D_5__uncultured.Clostridia.bacterium"	"Day"	"Day"	-0.47742333559409	0.291361715079895	NA	0.576580599805623	0.497831781145493	0.714085146188617	"prevalence"
"D_0__Bacteria.D_1__Firmicutes.D_2__Clostridia.D_3__Clostridiales.D_4__Lachnospiraceae.D_5__Acetitomaculum"	"Day"	"Day"	-0.463258941569759	0.29279394963846	NA	0.576580599805623	0.499859602332032	0.714085146188617	"prevalence"
"D_0__Bacteria.D_1__Firmicutes.D_2__Clostridia.D_3__Clostridiales.D_4__Peptococcaceae.D_5__Peptococcus"	"Day"	"Day"	0.396824566007798	0.299888185531085	NA	0.576580599805623	0.0601046280278483	0.170567187646596	"prevalence"
"D_0__Bacteria.D_1__Firmicutes.D_2__Erysipelotrichia.D_3__Erysipelotrichales.D_4__Erysipelotrichaceae.D_5__Turicibacter"	"Diet"	"Keto"	-1.28414636227893	0.294943143536331	NA	0.576580599805623	0.402693269796	0.627467907824835	"prevalence"
"D_0__Bacteria.D_1__Firmicutes.D_2__Clostridia.D_3__Clostridiales.D_4__Ruminococcaceae.D_5__Butyricicoccus"	"Diet"	"Keto"	-1.16718417660974	0.307059641802977	NA	0.587125029381517	0.156828011526692	0.326078043768369	"prevalence"
"D_0__Bacteria.D_1__Firmicutes.D_2__Clostridia.D_3__Clostridiales.D_4__Family.XIII.D_5__.Eubacterium..brachy.group"	"Diet"	"Keto"	0.6131913131432	0.326641297149224	NA	0.61777810547788	0.54658805729512	0.764186338707252	"prevalence"
"D_0__Bacteria.D_1__Firmicutes.D_2__Clostridia.D_3__Clostridiales.D_4__Lachnospiraceae.D_5__Lachnospiraceae.UCG.006"	"Diet"	"Keto"	-0.6407519552704	0.331999267335636	NA	0.624517540717846	0.553775021159873	0.764186338707252	"prevalence"
"D_0__Bacteria.D_1__Tenericutes.D_2__Mollicutes.D_3__Mollicutes.RF39.D_4__uncultured.Firmicutes.bacterium.D_5__uncultured.Firmicutes.bacterium"	"Day"	"Day"	-0.734235035287663	0.356965974618226	NA	0.651138466786675	0.356965974618226	0.572895584426023	"prevalence"
"D_0__Bacteria.D_1__Firmicutes.D_2__Clostridia.D_3__Clostridiales.D_4__Family.XIII.D_5__Anaerovorax"	"Diet"	"Keto"	-0.777226049054549	0.360572179570382	NA	0.653537075471318	0.591132062460628	0.788197689592644	"prevalence"
"D_0__Bacteria.D_1__Tenericutes.D_2__Mollicutes.D_3__Mollicutes.RF39.D_4__uncultured.Lachnospiraceae.bacterium.D_5__uncultured.Lachnospiraceae.bacterium"	"Day"	"Day"	0.367123270157239	0.430140015130552	NA	0.748443626327161	0.675259597644593	0.869966352793647	"prevalence"
"D_0__Bacteria.D_1__Actinobacteria.D_2__Coriobacteriia.D_3__Coriobacteriales.D_4__Eggerthellaceae.D_5__Gordonibacter"	"Diet"	"Keto"	-1.0985440350254	0.437278169092342	NA	0.749619718444015	0.437278169092342	0.670280405178043	"prevalence"
"D_0__Bacteria.D_1__Firmicutes.D_2__Clostridia.D_3__Clostridiales.D_4__Clostridiaceae.1.D_5__Clostridium.sensu.stricto.1"	"Diet"	"Keto"	1.09857061320372	0.437267877719316	NA	0.749619718444015	0.437267877719316	0.670280405178043	"prevalence"
"D_0__Bacteria.D_1__Firmicutes.D_2__Clostridia.D_3__Clostridiales.D_4__Lachnospiraceae.D_5__GCA.900066575"	"Diet"	"Keto"	-0.962619904781857	0.434146348271782	NA	0.749619718444015	0.00122010808321997	0.0128111348738097	"prevalence"
"D_0__Bacteria.D_1__Firmicutes.D_2__Clostridia.D_3__Clostridiales.D_4__Ruminococcaceae.D_5__Papillibacter"	"Day"	"Day"	-0.328713214447182	0.459397916087387	NA	0.764930501427802	0.459397916087387	0.687104287268735	"prevalence"
"D_0__Bacteria.D_1__Firmicutes.D_2__Clostridia.D_3__Clostridiales.D_4__Ruminococcaceae.D_5__UBA1819"	"Diet"	"Keto"	0.616996964550317	0.471003286381467	NA	0.773156338022409	0.720162476980792	0.910667139644886	"prevalence"
"D_0__Bacteria.D_1__Firmicutes.D_2__Clostridia.D_3__Clostridiales.D_4__Lachnospiraceae.D_5__Lachnospiraceae.UCG.010"	"Diet"	"Keto"	-0.604199616730901	0.478388001972116	NA	0.776915925125963	0.727920923513359	0.910667139644886	"prevalence"
"D_0__Bacteria.D_1__Firmicutes.D_2__Clostridia.D_3__Clostridiales.D_4__Lachnospiraceae.D_5__Acetatifactor"	"Day"	"Day"	0.262927725778723	0.504977906234022	NA	0.806111520043301	0.754953126683547	0.927135418734181	"prevalence"
"D_0__Bacteria.D_1__Firmicutes.D_2__Clostridia.D_3__Clostridiales.D_4__Ruminococcaceae.D_5__Ruminococcaceae.UCG.010"	"Diet"	"Keto"	1.02195313234348	0.518161224863423	NA	0.810487296368225	0.767831394774883	0.93204966995795	"prevalence"
"D_0__Bacteria.D_1__Firmicutes.D_2__Clostridia.D_3__Clostridiales.D_4__Clostridiales.vadinBB60.group.__"	"Diet"	"Keto"	-0.77467708050317	0.535907516385442	NA	0.820792788424432	0.784618166652471	0.93619213066488	"prevalence"
"D_0__Bacteria.D_1__Firmicutes.D_2__Clostridia.D_3__Clostridiales.D_4__Family.XIII.D_5__Family.XIII.AD3011.group"	"Diet"	"Keto"	-0.683454645635083	0.546857391753237	NA	0.827419010130985	0.546857391753237	0.764186338707252	"prevalence"
"D_0__Bacteria.D_1__Firmicutes.D_2__Clostridia.D_3__Clostridiales.D_4__Ruminococcaceae.D_5__Ruminococcaceae.UCG.009"	"Diet"	"Keto"	0.587243857832199	0.544695561396741	NA	0.827419010130985	0.792697868188171	0.940488996155457	"prevalence"
"D_0__Bacteria.D_1__Firmicutes.D_2__Clostridia.D_3__Clostridiales.D_4__Lachnospiraceae.D_5__Lachnospiraceae.UCG.004"	"Diet"	"Keto"	-0.538569900850534	0.553254015457081	NA	0.833473581727551	0.553254015457081	0.764186338707252	"prevalence"
"D_0__Bacteria.D_1__Tenericutes.D_2__Mollicutes.D_3__Mollicutes.RF39.D_4__uncultured.Lachnospiraceae.bacterium.D_5__uncultured.Lachnospiraceae.bacterium"	"Diet"	"Keto"	-0.632279432992798	0.557204645988564	NA	0.835806968982846	0.803932274465887	0.948459424931665	"prevalence"
"D_0__Bacteria.D_1__Proteobacteria.D_2__Gammaproteobacteria.D_3__Betaproteobacteriales.D_4__Burkholderiaceae.D_5__Parasutterella"	"Day"	"Day"	0.233175028148773	0.573451014812326	NA	0.852824586131152	0.0648795456177736	0.181662727729766	"prevalence"
"D_0__Bacteria.D_1__Firmicutes.D_2__Clostridia.D_3__Clostridiales.D_4__Family.XIII.D_5__Family.XIII.UCG.001"	"Diet"	"Keto"	-0.349570229190139	0.578410113802296	NA	0.855006437822495	0.822261967855807	0.954005598064748	"prevalence"
"D_0__Bacteria.D_1__Firmicutes.D_2__Bacilli.D_3__Lactobacillales.D_4__Streptococcaceae.D_5__Streptococcus"	"Day"	"Day"	0.217932197354479	0.596778250691573	NA	0.866025003101969	0.596778250691573	0.788197689592644	"prevalence"
"D_0__Bacteria.D_1__Firmicutes.D_2__Clostridia.D_3__DTU014.D_4__uncultured.bacterium.D_5__uncultured.bacterium"	"Diet"	"Keto"	-0.974731334326377	0.612231029394018	NA	0.880398339789745	0.612231029394018	0.803553226079649	"prevalence"
"D_0__Bacteria.D_1__Firmicutes.D_2__Clostridia.D_3__Clostridiales.D_4__Lachnospiraceae.D_5__Dorea"	"Day"	"Day"	-0.170913194851748	0.619292497523381	NA	0.882679089901254	0.855061797558015	0.981218456214116	"prevalence"
"D_0__Bacteria.D_1__Tenericutes.D_2__Mollicutes.D_3__Mollicutes.RF39.D_4__gut.metagenome.D_5__gut.metagenome"	"Day"	"Day"	-0.230172527412264	0.661729025061791	NA	0.917456974986069	0.661729025061791	0.862149836107885	"prevalence"
"D_0__Bacteria.D_1__Firmicutes.D_2__Bacilli.D_3__Lactobacillales.D_4__Enterococcaceae.D_5__Enterococcus"	"Diet"	"Keto"	0.261054815298156	0.698794151974366	NA	0.942559553825889	0.126975974675234	0.283669730657438	"prevalence"
"D_0__Bacteria.D_1__Firmicutes.D_2__Clostridia.D_3__Clostridiales.D_4__Ruminococcaceae.D_5__Negativibacillus"	"Diet"	"Keto"	0.33511085541824	0.707785664010414	NA	0.943714218680552	0.914610781842165	0.994448720565699	"prevalence"
"D_0__Bacteria.D_1__Firmicutes.D_2__Clostridia.D_3__Clostridiales.D_4__Lachnospiraceae.D_5__Acetitomaculum"	"Diet"	"Keto"	0.395393349813886	0.718120021025422	NA	0.953838806552851	0.572592894464928	0.780808492452174	"prevalence"
"D_0__Bacteria.D_1__Firmicutes.D_2__Clostridia.D_3__Clostridiales.D_4__Lachnospiraceae.D_5__Lachnospiraceae.UCG.004"	"Day"	"Day"	-0.15682073738629	0.728864523319704	NA	0.960775962557792	0.728864523319704	0.910667139644886	"prevalence"
"D_0__Bacteria.D_1__Firmicutes.D_2__Clostridia.D_3__Clostridiales.D_4__Ruminococcaceae.D_5__Ruminiclostridium.6"	"Diet"	"Keto"	0.422019796386282	0.76260673763379	NA	0.986569311139624	0.556764332486712	0.764186338707252	"prevalence"
"D_0__Bacteria.D_1__Firmicutes.D_2__Clostridia.D_3__Clostridiales.D_4__Clostridiales.vadinBB60.group.D_5__uncultured.Clostridiales.bacterium"	"Diet"	"Keto"	0.406529012849115	0.77822208694267	NA	0.995666493588416	0.77822208694267	0.933866504331204	"prevalence"
"D_0__Bacteria.D_1__Actinobacteria.D_2__Coriobacteriia.D_3__Coriobacteriales.D_4__Eggerthellaceae.D_5__Gordonibacter"	"Day"	"Day"	-12.8641100422083	0.951595594230851	NA	1	0.951595594230851	0.994448720565699	"prevalence"
"D_0__Bacteria.D_1__Bacteroidetes.D_2__Bacteroidia.D_3__Bacteroidales.D_4__Muribaculaceae.__"	"Diet"	"Keto"	0.0267277192331245	0.985544156772764	NA	1	0.958894756277839	0.994448720565699	"prevalence"
"D_0__Bacteria.D_1__Bacteroidetes.D_2__Bacteroidia.D_3__Bacteroidales.D_4__Muribaculaceae.D_5__Gram.negative.bacterium.cTPY.13"	"Day"	"Day"	-16.6922635287745	0.952076378592305	NA	1	0.117749339367446	0.268775665947432	"prevalence"
"D_0__Bacteria.D_1__Bacteroidetes.D_2__Bacteroidia.D_3__Bacteroidales.D_4__Muribaculaceae.D_5__Gram.negative.bacterium.cTPY.13"	"Diet"	"Keto"	-14.9782532345449	0.947196981581243	NA	1	0.763998343763603	0.93204966995795	"prevalence"
"D_0__Bacteria.D_1__Bacteroidetes.D_2__Bacteroidia.D_3__Bacteroidales.D_4__Tannerellaceae.D_5__Parabacteroides"	"Day"	"Day"	9.51894345474857	0.932217663830414	NA	1	0.0331291318445863	0.128835512728947	"prevalence"
"D_0__Bacteria.D_1__Bacteroidetes.D_2__Bacteroidia.D_3__Bacteroidales.D_4__Tannerellaceae.D_5__Parabacteroides"	"Diet"	"Keto"	11.6322636428198	0.960902571479535	NA	1	0.000147273284157506	0.00203537474351484	"prevalence"
"D_0__Bacteria.D_1__Firmicutes.D_2__Bacilli.D_3__Lactobacillales.D_4__Streptococcaceae.D_5__Lactococcus"	"Day"	"Day"	73.6573589419592	0.99999408074942	NA	1	0.0720132636003685	0.186701053778733	"prevalence"
"D_0__Bacteria.D_1__Firmicutes.D_2__Bacilli.D_3__Lactobacillales.D_4__Streptococcaceae.D_5__Lactococcus"	"Diet"	"Keto"	5.52432170957925	0.999999776018464	NA	1	0.17337987174983	0.346759743499659	"prevalence"
"D_0__Bacteria.D_1__Firmicutes.D_2__Clostridia.D_3__Clostridiales.D_4__Christensenellaceae.__"	"Diet"	"Keto"	-17.4449678271646	0.977980338891717	NA	1	0.977980338891717	0.99697024838476	"prevalence"
"D_0__Bacteria.D_1__Firmicutes.D_2__Clostridia.D_3__Clostridiales.D_4__Christensenellaceae.D_5__Christensenellaceae.R.7.group"	"Day"	"Day"	-29.2625398382167	0.978411795816403	NA	1	0.299437103936777	0.503503038600923	"prevalence"
"D_0__Bacteria.D_1__Firmicutes.D_2__Clostridia.D_3__Clostridiales.D_4__Christensenellaceae.D_5__Christensenellaceae.R.7.group"	"Diet"	"Keto"	-24.5209255263102	0.977783965076916	NA	1	0.87707591223328	0.984951559192454	"prevalence"
"D_0__Bacteria.D_1__Firmicutes.D_2__Clostridia.D_3__Clostridiales.D_4__Christensenellaceae.D_5__uncultured"	"Day"	"Day"	-0.0789546662270125	0.84666174784646	NA	1	0.0145564199146493	0.071089492606427	"prevalence"
"D_0__Bacteria.D_1__Firmicutes.D_2__Clostridia.D_3__Clostridiales.D_4__Christensenellaceae.D_5__uncultured"	"Diet"	"Keto"	-14.0542580140845	0.948817318903051	NA	1	2.07956340977685e-06	4.85231462281264e-05	"prevalence"
"D_0__Bacteria.D_1__Firmicutes.D_2__Clostridia.D_3__Clostridiales.D_4__Clostridiaceae.1.D_5__Clostridium.sensu.stricto.1"	"Day"	"Day"	-11.5739771878706	0.948092207506357	NA	1	0.948092207506357	0.994448720565699	"prevalence"
"D_0__Bacteria.D_1__Firmicutes.D_2__Clostridia.D_3__Clostridiales.D_4__Clostridiales.vadinBB60.group.D_5__uncultured.Clostridiales.bacterium"	"Day"	"Day"	-9.04922331612723	0.876262677879817	NA	1	0.876262677879817	0.984951559192454	"prevalence"
"D_0__Bacteria.D_1__Firmicutes.D_2__Clostridia.D_3__Clostridiales.D_4__Family.XIII.D_5__Anaerovorax"	"Day"	"Day"	0.0641461826918867	0.87647220909781	NA	1	0.907284666204807	0.994448720565699	"prevalence"
"D_0__Bacteria.D_1__Firmicutes.D_2__Clostridia.D_3__Clostridiales.D_4__Lachnospiraceae.D_5__Butyrivibrio"	"Day"	"Day"	-0.135172522664708	0.830737346313324	NA	1	0.830737346313324	0.958543091899989	"prevalence"
"D_0__Bacteria.D_1__Firmicutes.D_2__Clostridia.D_3__Clostridiales.D_4__Lachnospiraceae.D_5__Butyrivibrio"	"Diet"	"Keto"	13.7174618597711	0.969658187523314	NA	1	0.969658187523314	0.994448720565699	"prevalence"
"D_0__Bacteria.D_1__Firmicutes.D_2__Clostridia.D_3__Clostridiales.D_4__Lachnospiraceae.D_5__Roseburia"	"Day"	"Day"	-11.1442763541657	0.880546893060853	NA	1	0.961322353335675	0.994448720565699	"prevalence"
"D_0__Bacteria.D_1__Firmicutes.D_2__Clostridia.D_3__Clostridiales.D_4__Lachnospiraceae.D_5__Roseburia"	"Diet"	"Keto"	-0.128276949056399	0.934087506853179	NA	1	0.906739149612227	0.994448720565699	"prevalence"
"D_0__Bacteria.D_1__Firmicutes.D_2__Clostridia.D_3__Clostridiales.D_4__Lachnospiraceae.D_5__Tyzzerella"	"Day"	"Day"	21.6233969631767	0.979071553749947	NA	1	0.0105745278404343	0.0569397652946464	"prevalence"
"D_0__Bacteria.D_1__Firmicutes.D_2__Clostridia.D_3__Clostridiales.D_4__Lachnospiraceae.D_5__Tyzzerella"	"Diet"	"Keto"	1.7204379578301e-10	0.99999999989367	NA	1	0.115959709878	0.267599330487693	"prevalence"
"D_0__Bacteria.D_1__Firmicutes.D_2__Clostridia.D_3__Clostridiales.D_4__Peptococcaceae.D_5__uncultured"	"Day"	"Day"	9.22426988261345	0.951336023221573	NA	1	0.3906440569194	0.61680640566221	"prevalence"
"D_0__Bacteria.D_1__Firmicutes.D_2__Clostridia.D_3__Clostridiales.D_4__Peptococcaceae.D_5__uncultured"	"Diet"	"Keto"	-10.1981561873946	0.955706626628515	NA	1	0.922490377432972	0.994448720565699	"prevalence"
"D_0__Bacteria.D_1__Firmicutes.D_2__Clostridia.D_3__Clostridiales.D_4__Ruminococcaceae.D_5__Candidatus.Soleaferrea"	"Day"	"Day"	0.0543918605795155	0.873041828164677	NA	1	0.688949512501406	0.882191448934728	"prevalence"
"D_0__Bacteria.D_1__Firmicutes.D_2__Clostridia.D_3__Clostridiales.D_4__Ruminococcaceae.D_5__GCA.900066225"	"Diet"	"Keto"	-0.0870996044946694	0.896706736067987	NA	1	0.989330501626272	1	"prevalence"
"D_0__Bacteria.D_1__Firmicutes.D_2__Clostridia.D_3__Clostridiales.D_4__Ruminococcaceae.D_5__Intestinimonas"	"Diet"	"Keto"	-0.182348802959878	0.815215237015278	NA	1	0.96585459136868	0.994448720565699	"prevalence"
"D_0__Bacteria.D_1__Firmicutes.D_2__Clostridia.D_3__Clostridiales.D_4__Ruminococcaceae.D_5__Papillibacter"	"Diet"	"Keto"	-0.208760007540104	0.813846809376742	NA	1	0.813846809376742	0.954005598064748	"prevalence"
"D_0__Bacteria.D_1__Firmicutes.D_2__Clostridia.D_3__Clostridiales.D_4__Ruminococcaceae.D_5__Ruminiclostridium.1"	"Day"	"Day"	-0.0926588290864157	0.833419883079463	NA	1	0.25725214334462	0.461734616259574	"prevalence"
"D_0__Bacteria.D_1__Firmicutes.D_2__Clostridia.D_3__Clostridiales.D_4__Ruminococcaceae.D_5__Ruminiclostridium.5"	"Day"	"Day"	11.0024700953288	0.973549201129334	NA	1	0.99874636108881	1	"prevalence"
"D_0__Bacteria.D_1__Firmicutes.D_2__Clostridia.D_3__Clostridiales.D_4__Ruminococcaceae.D_5__Ruminiclostridium.5"	"Diet"	"Keto"	-10.930933118596	0.967437392753057	NA	1	0.0219782208530122	0.100011691921995	"prevalence"
"D_0__Bacteria.D_1__Firmicutes.D_2__Clostridia.D_3__Clostridiales.D_4__Ruminococcaceae.D_5__Ruminococcaceae.UCG.013"	"Diet"	"Keto"	-0.222803405074025	0.792442011270463	NA	1	0.95691968131455	0.994448720565699	"prevalence"
"D_0__Bacteria.D_1__Firmicutes.D_2__Clostridia.D_3__Clostridiales.D_4__Ruminococcaceae.D_5__uncultured"	"Day"	"Day"	7.77695395123153	0.891932346646041	NA	1	0.355904022841578	0.572895584426023	"prevalence"
"D_0__Bacteria.D_1__Firmicutes.D_2__Clostridia.D_3__Clostridiales.D_4__Ruminococcaceae.D_5__uncultured"	"Diet"	"Keto"	-8.23783790407591	0.904723088478476	NA	1	0.0013746462673086	0.013746462673086	"prevalence"
"D_0__Bacteria.D_1__Firmicutes.D_2__Clostridia.D_3__DTU014.D_4__uncultured.bacterium.D_5__uncultured.bacterium"	"Day"	"Day"	-0.167241735571802	0.8217556421191	NA	1	0.8217556421191	0.954005598064748	"prevalence"
"D_0__Bacteria.D_1__Firmicutes.D_2__Erysipelotrichia.D_3__Erysipelotrichales.D_4__Erysipelotrichaceae.D_5__Turicibacter"	"Day"	"Day"	-0.0303742691602179	0.948776106701785	NA	1	0.0493999907240364	0.154835791821607	"prevalence"
"D_0__Bacteria.D_1__Firmicutes.D_2__Erysipelotrichia.D_3__Erysipelotrichales.D_4__Erysipelotrichaceae.D_5__uncultured.bacterium"	"Day"	"Day"	-12.7269691740559	0.939162664388584	NA	1	0.939162664388584	0.994448720565699	"prevalence"
"D_0__Bacteria.D_1__Proteobacteria.D_2__Deltaproteobacteria.D_3__Desulfovibrionales.D_4__Desulfovibrionaceae.D_5__uncultured"	"Day"	"Day"	18.8364318835018	0.981865856120153	NA	1	0.0135116970577273	0.0692062532225059	"prevalence"
"D_0__Bacteria.D_1__Proteobacteria.D_2__Deltaproteobacteria.D_3__Desulfovibrionales.D_4__Desulfovibrionaceae.D_5__uncultured"	"Diet"	"Keto"	-21.4939528222054	0.98800591107607	NA	1	0.729590806985559	0.910667139644886	"prevalence"
"D_0__Bacteria.D_1__Proteobacteria.D_2__Gammaproteobacteria.D_3__Betaproteobacteriales.D_4__Burkholderiaceae.D_5__Parasutterella"	"Diet"	"Keto"	0.194859136315837	0.872032837583228	NA	1	0.203958846305952	0.396586645594906	"prevalence"
"D_0__Bacteria.D_1__Tenericutes.D_2__Mollicutes.D_3__Anaeroplasmatales.D_4__Anaeroplasmataceae.D_5__Anaeroplasma"	"Diet"	"Keto"	-0.10981159255904	0.911664983746489	NA	1	0.507960537692697	0.720754816996394	"prevalence"
"D_0__Bacteria.D_1__Tenericutes.D_2__Mollicutes.D_3__Mollicutes.RF39.__.__"	"Diet"	"Keto"	-12.3017370218849	0.956096883113809	NA	1	0.0484494759351872	0.154157423430141	"prevalence"
"D_0__Bacteria.D_1__Tenericutes.D_2__Mollicutes.D_3__Mollicutes.RF39.D_4__gut.metagenome.D_5__gut.metagenome"	"Diet"	"Keto"	-13.3407300184404	0.962534554802916	NA	1	0.962534554802916	0.994448720565699	"prevalence"
"D_0__Bacteria.D_1__Tenericutes.D_2__Mollicutes.D_3__Mollicutes.RF39.D_4__uncultured.Firmicutes.bacterium.D_5__uncultured.Firmicutes.bacterium"	"Diet"	"Keto"	-11.5072628018335	0.949611176358725	NA	1	0.949611176358725	0.994448720565699	"prevalence"
"D_0__Bacteria.D_1__Firmicutes.D_2__Clostridia.D_3__Clostridiales.D_4__Lachnospiraceae.D_5__Lachnospiraceae.UCG.001"	"Day"	"Day"	-1.52979399101404	0.00419878500274206	"Prevalence association possibly induced 
by stronger abundance association"	0.0422343834753845	0.0081865700155923	0.0508345746273309	"prevalence"
"D_0__Bacteria.D_1__Firmicutes.D_2__Clostridia.D_3__Clostridiales.D_4__Lachnospiraceae.D_5__Lachnospiraceae.UCG.006"	"Day"	"Day"	-0.842354778755074	0.0166417386199056	"Prevalence association possibly induced 
by stronger abundance association"	0.10247535318252	0.0808641425219749	0.20459602324837	"prevalence"
"D_0__Bacteria.D_1__Firmicutes.D_2__Clostridia.D_3__Clostridiales.D_4__Lachnospiraceae.D_5__Tyzzerella.3"	"Day"	"Day"	-0.888311480632364	0.0251413831396914	"Prevalence association possibly induced 
by stronger abundance association"	0.128664725479597	0.00237765204033905	0.0217089968900522	"prevalence"
"D_0__Bacteria.D_1__Firmicutes.D_2__Clostridia.D_3__Clostridiales.D_4__Lachnospiraceae.D_5__.Eubacterium..xylanophilum.group"	"Day"	"Day"	-0.996553896998873	0.0542513657835957	"Prevalence association possibly induced 
by stronger abundance association"	0.205211687964036	0.0272458345903362	0.113793270592185	"prevalence"
"D_0__Bacteria.D_1__Firmicutes.D_2__Clostridia.D_3__Clostridiales.D_4__Clostridiaceae.1.D_5__Candidatus.Arthromitus"	"Day"	"Day"	-0.989927918432701	0.06254325139719	"Prevalence association possibly induced 
by stronger abundance association"	0.223562447454211	0.000125872315628363	0.00188808473442545	"prevalence"
"D_0__Bacteria.D_1__Firmicutes.D_2__Clostridia.D_3__Clostridiales.D_4__Lachnospiraceae.D_5__Lachnospiraceae.FCS020.group"	"Day"	"Day"	-0.803086831328964	0.0723125872334198	"Prevalence association possibly induced 
by stronger abundance association"	0.230869544561744	0.276767608778916	0.478327842894525	"prevalence"
"D_0__Bacteria.D_1__Firmicutes.D_2__Clostridia.D_3__Clostridiales.D_4__Family.XIII.D_5__Family.XIII.UCG.001"	"Day"	"Day"	-0.566686343923061	0.0807325889908038	"Prevalence association possibly induced 
by stronger abundance association"	0.245268089947812	0.750795950386847	0.927135418734181	"prevalence"
"D_0__Bacteria.D_1__Firmicutes.D_2__Clostridia.D_3__Clostridiales.D_4__Family.XIII.D_5__.Eubacterium..brachy.group"	"Day"	"Day"	-0.492067378341833	0.125323922542412	"Prevalence association possibly induced 
by stronger abundance association"	0.326074501939065	0.86613167876006	0.983176500214123	"prevalence"
"D_0__Bacteria.D_1__Firmicutes.D_2__Clostridia.D_3__Clostridiales.D_4__Peptococcaceae.D_5__Peptococcus"	"Diet"	"Keto"	1.00855000123364	0.273424578641528	"Prevalence association possibly induced 
by stronger abundance association"	0.564234049307468	0.00878402725768443	0.0508345746273309	"prevalence"
"D_0__Bacteria.D_1__Firmicutes.D_2__Clostridia.D_3__Clostridiales.D_4__Ruminococcaceae.D_5__Ruminococcaceae.NK4A214.group"	"Day"	"Day"	-0.348399949247883	0.299248919972947	"Prevalence association possibly induced 
by stronger abundance association"	0.576580599805623	0.994794505290951	1	"prevalence"
"D_0__Bacteria.D_1__Tenericutes.D_2__Mollicutes.D_3__Mollicutes.RF39.__.__"	"Day"	"Day"	-0.522064360638038	0.38564734250263	"Prevalence association possibly induced 
by stronger abundance association"	0.681245051730535	0.000632953577541823	0.0073844584046546	"prevalence"
"D_0__Bacteria.D_1__Firmicutes.D_2__Clostridia.D_3__Clostridiales.D_4__Ruminococcaceae.D_5__Anaerotruncus"	"Day"	"Day"	-0.18793948706701	0.668032682045815	"Prevalence association possibly induced 
by stronger abundance association"	0.918874993485943	0.104028048089793	0.245459439312994	"prevalence"
"D_0__Bacteria.D_1__Firmicutes.D_2__Clostridia.D_3__Clostridiales.D_4__Lachnospiraceae.D_5__Acetatifactor"	"Diet"	"Keto"	0.205775254718983	0.793817351065515	"Prevalence association possibly induced 
by stronger abundance association"	1	0.00110648251299678	0.0122295435647013	"prevalence"
"D_0__Bacteria.D_1__Firmicutes.D_2__Clostridia.D_3__Clostridiales.D_4__Ruminococcaceae.D_5__Ruminococcaceae.UCG.009"	"Day"	"Day"	-0.134884823415312	0.785209232002637	"Prevalence association possibly induced 
by stronger abundance association"	1	0.0871307773234492	0.217005487678448	"prevalence"
"D_0__Bacteria.D_1__Actinobacteria.D_2__Coriobacteriia.D_3__Coriobacteriales.D_4__Eggerthellaceae.D_5__Enterorhabdus"	"Day"	"Day"	NA	NA	"All logistic values are the same"	NA	0.000617994150333117	0.0073844584046546	"prevalence"
"D_0__Bacteria.D_1__Actinobacteria.D_2__Coriobacteriia.D_3__Coriobacteriales.D_4__Eggerthellaceae.D_5__Enterorhabdus"	"Diet"	"Keto"	NA	NA	"All logistic values are the same"	NA	1.26792408039908e-07	3.32830071104758e-06	"prevalence"
"D_0__Bacteria.D_1__Bacteroidetes.D_2__Bacteroidia.D_3__Bacteroidales.D_4__Bacteroidaceae.D_5__Bacteroides"	"Day"	"Day"	NA	NA	"All logistic values are the same"	NA	1.89074371098701e-05	0.000360960163006612	"prevalence"
"D_0__Bacteria.D_1__Bacteroidetes.D_2__Bacteroidia.D_3__Bacteroidales.D_4__Bacteroidaceae.D_5__Bacteroides"	"Diet"	"Keto"	NA	NA	"All logistic values are the same"	NA	0.777662314228796	0.933866504331204	"prevalence"
"D_0__Bacteria.D_1__Bacteroidetes.D_2__Bacteroidia.D_3__Bacteroidales.D_4__Marinifilaceae.D_5__Butyricimonas"	"Day"	"Day"	NA	NA	"All logistic values are the same"	NA	5.16319698677199e-05	0.000834054897863167	"prevalence"
"D_0__Bacteria.D_1__Bacteroidetes.D_2__Bacteroidia.D_3__Bacteroidales.D_4__Marinifilaceae.D_5__Butyricimonas"	"Diet"	"Keto"	NA	NA	"All logistic values are the same"	NA	0.0263553869532039	0.113793270592185	"prevalence"
"D_0__Bacteria.D_1__Bacteroidetes.D_2__Bacteroidia.D_3__Bacteroidales.D_4__Muribaculaceae.D_5__uncultured.bacterium"	"Day"	"Day"	NA	NA	"All logistic values are the same"	NA	1	1	"prevalence"
"D_0__Bacteria.D_1__Bacteroidetes.D_2__Bacteroidia.D_3__Bacteroidales.D_4__Muribaculaceae.D_5__uncultured.bacterium"	"Diet"	"Keto"	NA	NA	"All logistic values are the same"	NA	0.665087016426083	0.862149836107885	"prevalence"
"D_0__Bacteria.D_1__Bacteroidetes.D_2__Bacteroidia.D_3__Bacteroidales.D_4__Muribaculaceae.D_5__uncultured.Bacteroidales.bacterium"	"Day"	"Day"	NA	NA	"All logistic values are the same"	NA	0.0015861343380777	0.0151403732271053	"prevalence"
"D_0__Bacteria.D_1__Bacteroidetes.D_2__Bacteroidia.D_3__Bacteroidales.D_4__Muribaculaceae.D_5__uncultured.Bacteroidales.bacterium"	"Diet"	"Keto"	NA	NA	"All logistic values are the same"	NA	0.0276355085723878	0.113793270592185	"prevalence"
"D_0__Bacteria.D_1__Bacteroidetes.D_2__Bacteroidia.D_3__Bacteroidales.D_4__Rikenellaceae.D_5__Alistipes"	"Day"	"Day"	NA	NA	"All logistic values are the same"	NA	0.0523925344054986	0.159455539494996	"prevalence"
"D_0__Bacteria.D_1__Bacteroidetes.D_2__Bacteroidia.D_3__Bacteroidales.D_4__Rikenellaceae.D_5__Alistipes"	"Diet"	"Keto"	NA	NA	"All logistic values are the same"	NA	0.266108042094349	0.472762933644535	"prevalence"
"D_0__Bacteria.D_1__Deferribacteres.D_2__Deferribacteres.D_3__Deferribacterales.D_4__Deferribacteraceae.D_5__Mucispirillum"	"Day"	"Day"	NA	NA	"All logistic values are the same"	NA	0.464613375200764	0.687104287268735	"prevalence"
"D_0__Bacteria.D_1__Deferribacteres.D_2__Deferribacteres.D_3__Deferribacterales.D_4__Deferribacteraceae.D_5__Mucispirillum"	"Diet"	"Keto"	NA	NA	"All logistic values are the same"	NA	0.0325992200117544	0.128835512728947	"prevalence"
"D_0__Bacteria.D_1__Firmicutes.D_2__Bacilli.D_3__Lactobacillales.D_4__Lactobacillaceae.D_5__Lactobacillus"	"Day"	"Day"	NA	NA	"All logistic values are the same"	NA	0.970771370076039	0.994448720565699	"prevalence"
"D_0__Bacteria.D_1__Firmicutes.D_2__Bacilli.D_3__Lactobacillales.D_4__Lactobacillaceae.D_5__Lactobacillus"	"Diet"	"Keto"	NA	NA	"All logistic values are the same"	NA	0.220732685684499	0.417602378322025	"prevalence"
"D_0__Bacteria.D_1__Firmicutes.D_2__Clostridia.D_3__Clostridiales.D_4__Lachnospiraceae.__"	"Day"	"Day"	NA	NA	"All logistic values are the same"	NA	0.889934874053695	0.988816526726327	"prevalence"
"D_0__Bacteria.D_1__Firmicutes.D_2__Clostridia.D_3__Clostridiales.D_4__Lachnospiraceae.__"	"Diet"	"Keto"	NA	NA	"All logistic values are the same"	NA	0.0687390283839096	0.184710146992806	"prevalence"
"D_0__Bacteria.D_1__Firmicutes.D_2__Clostridia.D_3__Clostridiales.D_4__Lachnospiraceae.D_5__A2"	"Day"	"Day"	NA	NA	"All logistic values are the same"	NA	0.0453016953198885	0.146359323341178	"prevalence"
"D_0__Bacteria.D_1__Firmicutes.D_2__Clostridia.D_3__Clostridiales.D_4__Lachnospiraceae.D_5__A2"	"Diet"	"Keto"	NA	NA	"All logistic values are the same"	NA	0.451123671169353	0.681553747809814	"prevalence"
"D_0__Bacteria.D_1__Firmicutes.D_2__Clostridia.D_3__Clostridiales.D_4__Lachnospiraceae.D_5__Blautia"	"Day"	"Day"	NA	NA	"All logistic values are the same"	NA	0.579831952086519	0.785578773794639	"prevalence"
"D_0__Bacteria.D_1__Firmicutes.D_2__Clostridia.D_3__Clostridiales.D_4__Lachnospiraceae.D_5__Blautia"	"Diet"	"Keto"	NA	NA	"All logistic values are the same"	NA	0.593585156791114	0.788197689592644	"prevalence"
"D_0__Bacteria.D_1__Firmicutes.D_2__Clostridia.D_3__Clostridiales.D_4__Lachnospiraceae.D_5__Lachnoclostridium"	"Day"	"Day"	-27.8469174641028	0.99975859984629	"A large coefficient (>15 in absolute value) or small p-value 
                (< 10^-10) was obtained from a feature present in >95% of 
                samples. Check this is intended."	NA	0.0556154822642565	0.164496496837942	"prevalence"
"D_0__Bacteria.D_1__Firmicutes.D_2__Clostridia.D_3__Clostridiales.D_4__Lachnospiraceae.D_5__Lachnoclostridium"	"Diet"	"Keto"	28.8275041419764	0.999985758943787	"A large coefficient (>15 in absolute value) or small p-value 
                (< 10^-10) was obtained from a feature present in >95% of 
                samples. Check this is intended."	NA	0.882331876661611	0.985583479249672	"prevalence"
"D_0__Bacteria.D_1__Firmicutes.D_2__Clostridia.D_3__Clostridiales.D_4__Lachnospiraceae.D_5__Lachnospiraceae.NK4A136.group"	"Day"	"Day"	NA	NA	"All logistic values are the same"	NA	0.145332182456745	0.311426105264454	"prevalence"
"D_0__Bacteria.D_1__Firmicutes.D_2__Clostridia.D_3__Clostridiales.D_4__Lachnospiraceae.D_5__Lachnospiraceae.NK4A136.group"	"Diet"	"Keto"	NA	NA	"All logistic values are the same"	NA	0.00515585827370344	0.0373822529611488	"prevalence"
"D_0__Bacteria.D_1__Firmicutes.D_2__Clostridia.D_3__Clostridiales.D_4__Lachnospiraceae.D_5__uncultured"	"Day"	"Day"	NA	NA	"All logistic values are the same"	NA	0.861600539706511	0.983176500214123	"prevalence"
"D_0__Bacteria.D_1__Firmicutes.D_2__Clostridia.D_3__Clostridiales.D_4__Lachnospiraceae.D_5__uncultured"	"Diet"	"Keto"	NA	NA	"All logistic values are the same"	NA	0.114412372118605	0.266962201610078	"prevalence"
"D_0__Bacteria.D_1__Firmicutes.D_2__Clostridia.D_3__Clostridiales.D_4__Ruminococcaceae.__"	"Day"	"Day"	NA	NA	"All logistic values are the same"	NA	0.451032394584289	0.681553747809814	"prevalence"
"D_0__Bacteria.D_1__Firmicutes.D_2__Clostridia.D_3__Clostridiales.D_4__Ruminococcaceae.__"	"Diet"	"Keto"	NA	NA	"All logistic values are the same"	NA	0.469350802745763	0.689256423612659	"prevalence"
"D_0__Bacteria.D_1__Firmicutes.D_2__Clostridia.D_3__Clostridiales.D_4__Ruminococcaceae.D_5__Oscillibacter"	"Day"	"Day"	NA	NA	"All logistic values are the same"	NA	0.732870221904694	0.910667139644886	"prevalence"
"D_0__Bacteria.D_1__Firmicutes.D_2__Clostridia.D_3__Clostridiales.D_4__Ruminococcaceae.D_5__Oscillibacter"	"Diet"	"Keto"	NA	NA	"All logistic values are the same"	NA	0.357377721713376	0.572895584426023	"prevalence"
"D_0__Bacteria.D_1__Firmicutes.D_2__Clostridia.D_3__Clostridiales.D_4__Ruminococcaceae.D_5__Ruminiclostridium"	"Day"	"Day"	NA	NA	"All logistic values are the same"	NA	0.0395835469164603	0.140686834398563	"prevalence"
"D_0__Bacteria.D_1__Firmicutes.D_2__Clostridia.D_3__Clostridiales.D_4__Ruminococcaceae.D_5__Ruminiclostridium"	"Diet"	"Keto"	NA	NA	"All logistic values are the same"	NA	0.279694079743446	0.478327842894525	"prevalence"
"D_0__Bacteria.D_1__Firmicutes.D_2__Clostridia.D_3__Clostridiales.D_4__Ruminococcaceae.D_5__Ruminiclostridium.9"	"Day"	"Day"	NA	NA	"All logistic values are the same"	NA	0.162642327717107	0.33160086233585	"prevalence"
"D_0__Bacteria.D_1__Firmicutes.D_2__Clostridia.D_3__Clostridiales.D_4__Ruminococcaceae.D_5__Ruminiclostridium.9"	"Diet"	"Keto"	NA	NA	"All logistic values are the same"	NA	0.00852311843000615	0.0508345746273309	"prevalence"
"D_0__Bacteria.D_1__Firmicutes.D_2__Clostridia.D_3__Clostridiales.D_4__Ruminococcaceae.D_5__Ruminococcaceae.UCG.014"	"Day"	"Day"	NA	NA	"All logistic values are the same"	NA	0.0682619238582197	0.184710146992806	"prevalence"
"D_0__Bacteria.D_1__Firmicutes.D_2__Clostridia.D_3__Clostridiales.D_4__Ruminococcaceae.D_5__Ruminococcaceae.UCG.014"	"Diet"	"Keto"	NA	NA	"All logistic values are the same"	NA	0.00291656886889321	0.024499178498703	"prevalence"
"D_0__Bacteria.D_1__Firmicutes.D_2__Clostridia.D_3__Clostridiales.D_4__Ruminococcaceae.D_5__Ruminococcus.1"	"Day"	"Day"	NA	NA	"(maxstephalfit) PIRLS step-halvings failed to reduce deviance in pwrssUpdate"	NA	0.593558483547227	0.788197689592644	"prevalence"
"D_0__Bacteria.D_1__Firmicutes.D_2__Clostridia.D_3__Clostridiales.D_4__Ruminococcaceae.D_5__Ruminococcus.1"	"Diet"	"Keto"	NA	NA	"(maxstephalfit) PIRLS step-halvings failed to reduce deviance in pwrssUpdate"	NA	0.0886049208324506	0.217005487678448	"prevalence"
"D_0__Bacteria.D_1__Firmicutes.D_2__Erysipelotrichia.D_3__Erysipelotrichales.D_4__Erysipelotrichaceae.D_5__Erysipelatoclostridium"	"Day"	"Day"	NA	NA	"All logistic values are the same"	NA	0.248667764520477	0.450174401287071	"prevalence"
"D_0__Bacteria.D_1__Firmicutes.D_2__Erysipelotrichia.D_3__Erysipelotrichales.D_4__Erysipelotrichaceae.D_5__Erysipelatoclostridium"	"Diet"	"Keto"	NA	NA	"All logistic values are the same"	NA	0.00895656791052973	0.0508345746273309	"prevalence"
"D_0__Bacteria.D_1__Firmicutes.D_2__Erysipelotrichia.D_3__Erysipelotrichales.D_4__Erysipelotrichaceae.D_5__Faecalibaculum"	"Day"	"Day"	NA	NA	"All logistic values are the same"	NA	3.48047636388957e-15	1.21816672736135e-13	"prevalence"
"D_0__Bacteria.D_1__Firmicutes.D_2__Erysipelotrichia.D_3__Erysipelotrichales.D_4__Erysipelotrichaceae.D_5__Faecalibaculum"	"Diet"	"Keto"	NA	NA	"All logistic values are the same"	NA	0.940680483352166	0.994448720565699	"prevalence"
"D_0__Bacteria.D_1__Verrucomicrobia.D_2__Verrucomicrobiae.D_3__Verrucomicrobiales.D_4__Akkermansiaceae.D_5__Akkermansia"	"Day"	"Day"	NA	NA	"All logistic values are the same"	NA	7.12656774821445e-06	0.000149657922712504	"prevalence"
"D_0__Bacteria.D_1__Verrucomicrobia.D_2__Verrucomicrobiae.D_3__Verrucomicrobiales.D_4__Akkermansiaceae.D_5__Akkermansia"	"Diet"	"Keto"	NA	NA	"All logistic values are the same"	NA	0.0442951380872861	0.145343421848908	"prevalence"
