"feature"	"metadata"	"value"	"coef"	"pval"	"qval"	"association"
"D_0__Bacteria.D_1__Firmicutes.D_2__Clostridia.D_3__Clostridiales.D_4__Christensenellaceae.D_5__uncultured"	"Diet"	"Keto"	-3.74338357937968	3.02545279816151e-14	6.71650521191856e-12	"abundance"
"D_0__Bacteria.D_1__Firmicutes.D_2__Erysipelotrichia.D_3__Erysipelotrichales.D_4__Erysipelotrichaceae.D_5__Faecalibaculum"	"Day"	"Day"	3.33022748800893	6.32267443461254e-14	7.01816862241992e-12	"abundance"
"D_0__Bacteria.D_1__Bacteroidetes.D_2__Bacteroidia.D_3__Bacteroidales.D_4__Prevotellaceae.D_5__Prevotellaceae.UCG.001"	"Day"	"Day"	-3.01404399292161	1.40989102032731e-13	1.04331935504221e-11	"abundance"
"D_0__Bacteria.D_1__Cyanobacteria.D_2__Melainabacteria.D_3__Gastranaerophilales.__.__"	"Day"	"Day"	-2.40825954594474	1.35559233860545e-11	7.52353747926025e-10	"abundance"
"D_0__Bacteria.D_1__Firmicutes.D_2__Clostridia.D_3__Clostridiales.D_4__Christensenellaceae.D_5__Christensenellaceae.R.7.group"	"Day"	"Day"	-1.50432578853371	1.86792370484285e-10	6.91131770791855e-09	"abundance"
"D_0__Bacteria.D_1__Firmicutes.D_2__Erysipelotrichia.D_3__Erysipelotrichales.D_4__Erysipelotrichaceae.D_5__uncultured"	"Day"	"Day"	-1.81978785742859	1.82522304382872e-10	6.91131770791855e-09	"abundance"
"D_0__Bacteria.D_1__Bacteroidetes.D_2__Bacteroidia.D_3__Bacteroidales.D_4__Muribaculaceae.D_5__uncultured.Bacteroidales.bacterium"	"Day"	"Day"	-1.22846087508694	5.16002367796495e-10	1.6364646521546e-08	"abundance"
"D_0__Bacteria.D_1__Firmicutes.D_2__Clostridia.D_3__Clostridiales.D_4__Lachnospiraceae.D_5__ASF356"	"Day"	"Day"	-2.46654219697914	2.36596708057447e-09	6.56555864859415e-08	"abundance"
"D_0__Bacteria.D_1__Bacteroidetes.D_2__Bacteroidia.D_3__Bacteroidales.D_4__Muribaculaceae.D_5__Gram.negative.bacterium.cTPY.13"	"Day"	"Day"	-2.22219920968556	3.01986648313933e-09	7.44900399174367e-08	"abundance"
"D_0__Bacteria.D_1__Firmicutes.D_2__Clostridia.D_3__Clostridiales.D_4__Ruminococcaceae.D_5__Ruminococcus.1"	"Day"	"Day"	-1.78199714884749	6.8057449577315e-09	1.51087538061639e-07	"abundance"
"D_0__Bacteria.D_1__Tenericutes.D_2__Mollicutes.D_3__Mollicutes.RF39.D_4__uncultured.bacterium.D_5__uncultured.bacterium"	"Day"	"Day"	-1.88373277607057	1.92131189594654e-08	3.87755673545574e-07	"abundance"
"D_0__Bacteria.D_1__Actinobacteria.D_2__Coriobacteriia.D_3__Coriobacteriales.D_4__Eggerthellaceae.D_5__Enterorhabdus"	"Diet"	"Keto"	1.70126563057011	2.30740317512168e-08	4.26869587397511e-07	"abundance"
"D_0__Bacteria.D_1__Firmicutes.D_2__Clostridia.D_3__Clostridiales.D_4__Clostridiaceae.1.D_5__Candidatus.Arthromitus"	"Day"	"Day"	-2.55574831693015	5.49643398497208e-08	9.3862180358754e-07	"abundance"
"D_0__Bacteria.D_1__Bacteroidetes.D_2__Bacteroidia.D_3__Bacteroidales.D_4__Muribaculaceae.D_5__uncultured.bacterium"	"Day"	"Day"	-0.59024738481488	7.17975956798296e-08	1.13850473149444e-06	"abundance"
"D_0__Bacteria.D_1__Firmicutes.D_2__Clostridia.D_3__Clostridiales.D_4__Lachnospiraceae.D_5__Lachnospiraceae.UCG.001"	"Day"	"Day"	-2.24992985786917	1.29937936479822e-07	1.80288886865753e-06	"abundance"
"D_0__Bacteria.D_1__Firmicutes.D_2__Clostridia.D_3__Clostridiales.D_4__Ruminococcaceae.D_5__Butyricicoccus"	"Day"	"Day"	-1.76159250493509	1.26484743843166e-07	1.80288886865753e-06	"abundance"
"D_0__Bacteria.D_1__Bacteroidetes.D_2__Bacteroidia.D_3__Bacteroidales.D_4__Muribaculaceae.__"	"Day"	"Day"	-1.27811854194414	4.84646086991692e-07	6.32890772424445e-06	"abundance"
"D_0__Bacteria.D_1__Firmicutes.D_2__Clostridia.D_3__Clostridiales.D_4__Peptostreptococcaceae.D_5__Romboutsia"	"Day"	"Day"	2.78493228128783	5.1522702346597e-07	6.35446662274696e-06	"abundance"
"D_0__Bacteria.D_1__Firmicutes.D_2__Bacilli.D_3__Lactobacillales.D_4__Streptococcaceae.D_5__Lactococcus"	"Day"	"Day"	0.772450359180219	1.13203137337936e-06	1.32268928889589e-05	"abundance"
"D_0__Bacteria.D_1__Cyanobacteria.D_2__Melainabacteria.D_3__Gastranaerophilales.__.__"	"Diet"	"Keto"	-2.93182777555495	1.31455280528018e-06	1.459153613861e-05	"abundance"
"D_0__Bacteria.D_1__Firmicutes.D_2__Clostridia.D_3__Clostridiales.D_4__Lachnospiraceae.D_5__Lachnospiraceae.FCS020.group"	"Diet"	"Keto"	-3.16369496903294	3.90476420616908e-06	4.12789358937874e-05	"abundance"
"D_0__Bacteria.D_1__Firmicutes.D_2__Clostridia.D_3__Clostridiales.D_4__Lachnospiraceae.D_5__.Eubacterium..xylanophilum.group"	"Day"	"Day"	-1.66006550091343	5.22095664582436e-06	5.26841988805913e-05	"abundance"
"D_0__Bacteria.D_1__Tenericutes.D_2__Mollicutes.D_3__Mollicutes.RF39.__.__"	"Day"	"Day"	-1.29751560853187	6.36779875705062e-06	6.14631010463147e-05	"abundance"
"D_0__Bacteria.D_1__Firmicutes.D_2__Clostridia.D_3__Clostridiales.D_4__Ruminococcaceae.D_5__Ruminococcaceae.UCG.014"	"Day"	"Day"	-1.03112115909972	7.41140131282166e-06	6.85554621436004e-05	"abundance"
"D_0__Bacteria.D_1__Firmicutes.D_2__Clostridia.D_3__Clostridiales.D_4__Lachnospiraceae.D_5__Tyzzerella.3"	"Day"	"Day"	-1.61507015979394	1.16942368645987e-05	0.000103844823357637	"abundance"
"D_0__Bacteria.D_1__Tenericutes.D_2__Mollicutes.D_3__Mollicutes.RF39.__.__"	"Diet"	"Keto"	-2.36215019069799	2.48514992650166e-05	0.000212193570647449	"abundance"
"D_0__Bacteria.D_1__Actinobacteria.D_2__Actinobacteria.D_3__Bifidobacteriales.D_4__Bifidobacteriaceae.D_5__Bifidobacterium"	"Day"	"Day"	0.901580357287512	2.72359470945233e-05	0.000223940009443858	"abundance"
"D_0__Bacteria.D_1__Cyanobacteria.D_2__Melainabacteria.D_3__Gastranaerophilales.D_4__uncultured.bacterium.D_5__uncultured.bacterium"	"Day"	"Day"	-1.41017305644738	3.22959274474368e-05	0.000256060567618963	"abundance"
"D_0__Bacteria.D_1__Firmicutes.D_2__Clostridia.D_3__Clostridiales.D_4__Lachnospiraceae.D_5__Marvinbryantia"	"Day"	"Day"	-1.13531841501249	3.97833161593813e-05	0.000304548144392505	"abundance"
"D_0__Bacteria.D_1__Firmicutes.D_2__Clostridia.D_3__Clostridiales.D_4__Family.XIII.D_5__.Eubacterium..nodatum.group"	"Day"	"Day"	-0.677873487935586	6.25389514549956e-05	0.000462788240766968	"abundance"
"D_0__Bacteria.D_1__Firmicutes.D_2__Clostridia.D_3__Clostridiales.D_4__Lachnospiraceae.D_5__Lachnoclostridium"	"Day"	"Day"	-1.35168183150483	0.000101032958329378	0.000723526346745872	"abundance"
"D_0__Bacteria.D_1__Firmicutes.D_2__Clostridia.D_3__Clostridiales.D_4__Lachnospiraceae.D_5__.Eubacterium..ventriosum.group"	"Day"	"Day"	-0.846831965160306	0.000106633868050751	0.000726378029664231	"abundance"
"D_0__Bacteria.D_1__Firmicutes.D_2__Clostridia.D_3__Clostridiales.D_4__Ruminococcaceae.D_5__Anaerotruncus"	"Diet"	"Keto"	-2.42539334675058	0.000107975112517656	0.000726378029664231	"abundance"
"D_0__Bacteria.D_1__Actinobacteria.D_2__Coriobacteriia.D_3__Coriobacteriales.D_4__Eggerthellaceae.D_5__Gordonibacter"	"Day"	"Day"	-0.419891709180563	0.000165557675600584	0.00102627190773119	"abundance"
"D_0__Bacteria.D_1__Firmicutes.D_2__Clostridia.D_3__Clostridiales.D_4__Lachnospiraceae.D_5__Lachnospiraceae.UCG.006"	"Day"	"Day"	-1.35741290169408	0.000157238267667423	0.00102627190773119	"abundance"
"D_0__Bacteria.D_1__Verrucomicrobia.D_2__Verrucomicrobiae.D_3__Verrucomicrobiales.D_4__Akkermansiaceae.D_5__Akkermansia"	"Day"	"Day"	1.79524410757059	0.000166422471523976	0.00102627190773119	"abundance"
"D_0__Bacteria.D_1__Firmicutes.D_2__Clostridia.D_3__Clostridiales.D_4__Ruminococcaceae.D_5__.Eubacterium..coprostanoligenes.group"	"Day"	"Day"	-1.28313372353791	0.00017336232910724	0.00104017397464344	"abundance"
"D_0__Bacteria.D_1__Firmicutes.D_2__Clostridia.D_3__Clostridiales.D_4__Eubacteriaceae.D_5__Anaerofustis"	"Day"	"Day"	-0.615552353030289	0.000232194527487049	0.00130747653522342	"abundance"
"D_0__Bacteria.D_1__Firmicutes.D_2__Clostridia.D_3__Clostridiales.D_4__Ruminococcaceae.D_5__Intestinimonas"	"Day"	"Day"	-1.29675804597487	0.000228181841403039	0.00130747653522342	"abundance"
"D_0__Bacteria.D_1__Firmicutes.D_2__Clostridia.D_3__Clostridiales.D_4__Ruminococcaceae.D_5__Ruminococcaceae.UCG.014"	"Diet"	"Keto"	-1.60797964206217	0.000235581357697914	0.00130747653522342	"abundance"
"D_0__Bacteria.D_1__Bacteroidetes.D_2__Bacteroidia.D_3__Bacteroidales.D_4__Tannerellaceae.D_5__Parabacteroides"	"Diet"	"Keto"	-1.87319643238762	0.000252278362474234	0.0013659950358361	"abundance"
"D_0__Bacteria.D_1__Firmicutes.D_2__Clostridia.D_3__Clostridiales.D_4__Lachnospiraceae.D_5__Lachnospiraceae.FCS020.group"	"Day"	"Day"	-1.17116183009199	0.000347013930219808	0.0018342164883047	"abundance"
"D_0__Bacteria.D_1__Firmicutes.D_2__Erysipelotrichia.D_3__Erysipelotrichales.D_4__Erysipelotrichaceae.D_5__uncultured.bacterium"	"Day"	"Day"	-0.62664273809677	0.000405902556540423	0.00209558994306916	"abundance"
"D_0__Bacteria.D_1__Firmicutes.D_2__Clostridia.D_3__Clostridiales.D_4__Family.XIII.D_5__Family.XIII.AD3011.group"	"Day"	"Day"	-0.559132469442122	0.000427290866220628	0.00215587664320408	"abundance"
"D_0__Bacteria.D_1__Firmicutes.D_2__Clostridia.D_3__Clostridiales.D_4__Lachnospiraceae.D_5__Lachnospiraceae.NK4A136.group"	"Day"	"Day"	-1.03144212673247	0.000493934741801165	0.00243674472621908	"abundance"
"D_0__Bacteria.D_1__Firmicutes.D_2__Clostridia.D_3__Clostridiales.D_4__Ruminococcaceae.D_5__Ruminiclostridium.6"	"Day"	"Day"	-0.860297349267382	0.000667604046831314	0.00322191518253373	"abundance"
"D_0__Bacteria.D_1__Firmicutes.D_2__Bacilli.D_3__Lactobacillales.D_4__Lactobacillaceae.D_5__Lactobacillus"	"Day"	"Day"	-0.597550678134708	0.000730574268918312	0.00330994872856868	"abundance"
"D_0__Bacteria.D_1__Firmicutes.D_2__Clostridia.D_3__Clostridiales.D_4__Clostridiales.vadinBB60.group.D_5__uncultured.bacterium"	"Day"	"Day"	-1.17631694258602	0.000717950060186212	0.00330994872856868	"abundance"
"D_0__Bacteria.D_1__Firmicutes.D_2__Clostridia.D_3__Clostridiales.D_4__Lachnospiraceae.D_5__Tyzzerella"	"Day"	"Day"	0.93837242722945	0.000719121167381021	0.00330994872856868	"abundance"
"D_0__Bacteria.D_1__Firmicutes.D_2__Clostridia.D_3__Clostridiales.D_4__Ruminococcaceae.D_5__Negativibacillus"	"Day"	"Day"	-0.437702638240468	0.000889712285255275	0.00395032254653342	"abundance"
"D_0__Bacteria.D_1__Firmicutes.D_2__Clostridia.D_3__Clostridiales.D_4__Ruminococcaceae.D_5__Ruminiclostridium.5"	"Diet"	"Keto"	-1.50086883801936	0.000926414091481006	0.00403262604527026	"abundance"
"D_0__Bacteria.D_1__Firmicutes.D_2__Clostridia.D_3__Clostridiales.D_4__Clostridiales.vadinBB60.group.D_5__uncultured.bacterium"	"Diet"	"Keto"	-3.85381426798712	0.00146075966489492	0.00623632010782062	"abundance"
"D_0__Bacteria.D_1__Firmicutes.D_2__Clostridia.D_3__Clostridiales.D_4__Ruminococcaceae.D_5__Anaerotruncus"	"Day"	"Day"	-0.966584642257513	0.00159409819009932	0.00667716600381223	"abundance"
"D_0__Bacteria.D_1__Tenericutes.D_2__Mollicutes.D_3__Mollicutes.RF39.D_4__unidentified.D_5__unidentified"	"Day"	"Day"	-0.653141834831896	0.00173418393760619	0.00712942285460321	"abundance"
"D_0__Bacteria.D_1__Bacteroidetes.D_2__Bacteroidia.D_3__Bacteroidales.D_4__Marinifilaceae.D_5__Butyricimonas"	"Diet"	"Keto"	-1.1074249888602	0.00226660925059888	0.00903096651313209	"abundance"
"D_0__Bacteria.D_1__Firmicutes.D_2__Clostridia.D_3__Clostridiales.D_4__Lachnospiraceae.D_5__ASF356"	"Diet"	"Keto"	-3.29280167721864	0.00227808164295224	0.00903096651313209	"abundance"
"D_0__Bacteria.D_1__Firmicutes.D_2__Clostridia.D_3__Clostridiales.D_4__Ruminococcaceae.D_5__Ruminococcaceae.UCG.009"	"Day"	"Day"	-0.896100178930043	0.00282357509403537	0.0109970819451904	"abundance"
"D_0__Bacteria.D_1__Firmicutes.D_2__Clostridia.D_3__Clostridiales.D_4__Ruminococcaceae.D_5__Ruminococcaceae.UCG.013"	"Day"	"Day"	-0.665628227061724	0.003014217779213	0.011537178396298	"abundance"
"D_0__Bacteria.D_1__Bacteroidetes.D_2__Bacteroidia.D_3__Bacteroidales.D_4__Muribaculaceae.D_5__Gram.negative.bacterium.cTPY.13"	"Diet"	"Keto"	-1.83868920908024	0.00324375776995639	0.0122053258462766	"abundance"
"D_0__Bacteria.D_1__Firmicutes.D_2__Clostridia.D_3__Clostridiales.D_4__Clostridiaceae.1.D_5__Clostridium.sensu.stricto.1"	"Day"	"Day"	-0.502076906451963	0.00410823775696774	0.0149512915089646	"abundance"
"D_0__Bacteria.D_1__Firmicutes.D_2__Erysipelotrichia.D_3__Erysipelotrichales.D_4__Erysipelotrichaceae.D_5__uncultured"	"Diet"	"Keto"	-1.31221532191416	0.00408592200334728	0.0149512915089646	"abundance"
"D_0__Bacteria.D_1__Firmicutes.D_2__Clostridia.D_3__Clostridiales.D_4__Lachnospiraceae.D_5__GCA.900066575"	"Diet"	"Keto"	2.0909683750884	0.00468744100537137	0.0167840629547168	"abundance"
"D_0__Bacteria.D_1__Firmicutes.D_2__Clostridia.D_3__Clostridiales.D_4__Ruminococcaceae.D_5__Ruminococcaceae.NK4A214.group"	"Day"	"Day"	-0.596346422786495	0.00502508343407612	0.0177074368629349	"abundance"
"D_0__Bacteria.D_1__Firmicutes.D_2__Clostridia.D_3__Clostridiales.D_4__Family.XIII.D_5__Family.XIII.UCG.001"	"Day"	"Day"	-0.689403479041829	0.00540756490289274	0.0187574907569092	"abundance"
"D_0__Bacteria.D_1__Tenericutes.D_2__Mollicutes.D_3__Mollicutes.RF39.D_4__uncultured.bacterium.D_5__uncultured.bacterium"	"Diet"	"Keto"	-1.82834947806523	0.00615056151276972	0.0210065331666904	"abundance"
"D_0__Bacteria.D_1__Firmicutes.D_2__Clostridia.D_3__Clostridiales.D_4__Christensenellaceae.__"	"Day"	"Day"	-0.279980519492995	0.00764703828611665	0.0257218560533015	"abundance"
"D_0__Bacteria.D_1__Proteobacteria.D_2__Deltaproteobacteria.D_3__Desulfovibrionales.D_4__Desulfovibrionaceae.D_5__uncultured"	"Day"	"Day"	0.941325871850128	0.00851606219580025	0.0282174001114576	"abundance"
"D_0__Bacteria.D_1__Firmicutes.D_2__Clostridia.D_3__Clostridiales.D_4__Family.XIII.D_5__.Eubacterium..brachy.group"	"Day"	"Day"	-0.568735124991962	0.0100343224473769	0.0327591115193774	"abundance"
"D_0__Bacteria.D_1__Firmicutes.D_2__Clostridia.D_3__Clostridiales.D_4__Lachnospiraceae.D_5__Lachnospiraceae.NK4A136.group"	"Diet"	"Keto"	1.45606860381641	0.0102097475935798	0.0328487531271698	"abundance"
"D_0__Bacteria.D_1__Firmicutes.D_2__Clostridia.D_3__Clostridiales.D_4__Ruminococcaceae.D_5__uncultured"	"Diet"	"Keto"	1.77145885990434	0.0104044244881292	0.032996889090924	"abundance"
"D_0__Bacteria.D_1__Actinobacteria.D_2__Coriobacteriia.D_3__Coriobacteriales.D_4__Eggerthellaceae.__"	"Day"	"Day"	-0.314555447117535	0.01254435419192	0.0391147424337569	"abundance"
"D_0__Bacteria.D_1__Firmicutes.D_2__Clostridia.D_3__Clostridiales.D_4__Ruminococcaceae.D_5__Ruminococcaceae.UCG.010"	"Day"	"Day"	0.681717162382443	0.0126858624109482	0.0391147424337569	"abundance"
"D_0__Bacteria.D_1__Firmicutes.D_2__Erysipelotrichia.D_3__Erysipelotrichales.D_4__Erysipelotrichaceae.D_5__Erysipelatoclostridium"	"Diet"	"Keto"	1.64188684451912	0.013764088514939	0.0418579130180336	"abundance"
"D_0__Bacteria.D_1__Deferribacteres.D_2__Deferribacteres.D_3__Deferribacterales.D_4__Deferribacteraceae.D_5__Mucispirillum"	"Diet"	"Keto"	-2.00592770378634	0.0146608773394736	0.0439826320184207	"abundance"
"D_0__Bacteria.D_1__Firmicutes.D_2__Clostridia.D_3__Clostridiales.D_4__Lachnospiraceae.D_5__Roseburia"	"Day"	"Day"	-1.0249724413569	0.015210254938253	0.0450223546172289	"abundance"
"D_0__Bacteria.D_1__Actinobacteria.D_2__Actinobacteria.D_3__Bifidobacteriales.D_4__Bifidobacteriaceae.D_5__Bifidobacterium"	"Diet"	"Keto"	2.65465041374056	0.0165542268405733	0.0481892425629981	"abundance"
"D_0__Bacteria.D_1__Bacteroidetes.D_2__Bacteroidia.D_3__Bacteroidales.D_4__Prevotellaceae.D_5__Prevotellaceae.UCG.001"	"Diet"	"Keto"	-1.91017304311605	0.0167431877859884	0.0481892425629981	"abundance"
"D_0__Bacteria.D_1__Tenericutes.D_2__Mollicutes.D_3__Mollicutes.RF39.D_4__gut.metagenome.D_5__gut.metagenome"	"Diet"	"Keto"	-0.697167888970115	0.0169313554951075	0.0481892425629981	"abundance"
"D_0__Bacteria.D_1__Firmicutes.D_2__Bacilli.D_3__Lactobacillales.D_4__Streptococcaceae.D_5__Lactococcus"	"Diet"	"Keto"	-0.667123145938902	0.0173817927050387	0.0486878441534246	"abundance"
"D_0__Bacteria.D_1__Firmicutes.D_2__Clostridia.D_3__Clostridiales.D_4__Lachnospiraceae.D_5__Acetitomaculum"	"Day"	"Day"	-0.531063493934765	0.0179837982909046	0.0486878441534246	"abundance"
"D_0__Bacteria.D_1__Firmicutes.D_2__Clostridia.D_3__Clostridiales.D_4__Ruminococcaceae.D_5__Oscillibacter"	"Day"	"Day"	-0.692743231173228	0.017647437834036	0.0486878441534246	"abundance"
"D_0__Bacteria.D_1__Firmicutes.D_2__Clostridia.D_3__Clostridiales.D_4__Ruminococcaceae.D_5__Ruminiclostridium.9"	"Diet"	"Keto"	1.27386331193512	0.0178761539322361	0.0486878441534246	"abundance"
"D_0__Bacteria.D_1__Firmicutes.D_2__Clostridia.D_3__Clostridiales.D_4__Clostridiales.vadinBB60.group.D_5__uncultured.Clostridiales.bacterium"	"Day"	"Day"	-0.32621096981774	0.0187442993542419	0.0499549984730136	"abundance"
"D_0__Bacteria.D_1__Firmicutes.D_2__Clostridia.D_3__Clostridiales.D_4__Ruminococcaceae.D_5__Ruminococcaceae.NK4A214.group"	"Diet"	"Keto"	-0.974745755471017	0.0189018913141132	0.0499549984730136	"abundance"
"D_0__Bacteria.D_1__Proteobacteria.D_2__Gammaproteobacteria.D_3__Enterobacteriales.D_4__Enterobacteriaceae.D_5__Escherichia.Shigella"	"Day"	"Day"	-0.904101455147652	0.0199685343787297	0.0521531133185647	"abundance"
"D_0__Bacteria.D_1__Firmicutes.D_2__Clostridia.D_3__Clostridiales.D_4__Peptostreptococcaceae.D_5__Romboutsia"	"Diet"	"Keto"	3.11353957156346	0.0224691751227557	0.0580018241540902	"abundance"
"D_0__Bacteria.D_1__Tenericutes.D_2__Mollicutes.D_3__Anaeroplasmatales.D_4__Anaeroplasmataceae.D_5__Anaeroplasma"	"Day"	"Day"	-0.717420865048073	0.0229947124386114	0.0586761627743878	"abundance"
"D_0__Bacteria.D_1__Firmicutes.D_2__Clostridia.D_3__Clostridiales.D_4__Peptococcaceae.D_5__Peptococcus"	"Diet"	"Keto"	1.37993054264154	0.0244472631491423	0.0616737774898818	"abundance"
"D_0__Bacteria.D_1__Firmicutes.D_2__Clostridia.D_3__Clostridiales.D_4__Lachnospiraceae.__"	"Day"	"Day"	-0.630799913090521	0.025260642808757	0.0630096932982478	"abundance"
"D_0__Bacteria.D_1__Bacteroidetes.D_2__Bacteroidia.D_3__Bacteroidales.D_4__Bacteroidaceae.D_5__Bacteroides"	"Day"	"Day"	0.343328145669092	0.0288850599461855	0.0712498145339244	"abundance"
"D_0__Bacteria.D_1__Firmicutes.D_2__Bacilli.D_3__Lactobacillales.D_4__Enterococcaceae.D_5__Enterococcus"	"Day"	"Day"	0.655609274299682	0.0295513145335616	0.0720922178730843	"abundance"
"D_0__Bacteria.D_1__Deferribacteres.D_2__Deferribacteres.D_3__Deferribacterales.D_4__Deferribacteraceae.D_5__Mucispirillum"	"Day"	"Day"	-0.8934222951877	0.0299240868883487	0.0722081227088415	"abundance"
"D_0__Bacteria.D_1__Firmicutes.D_2__Clostridia.D_3__Clostridiales.D_4__Lachnospiraceae.D_5__uncultured"	"Day"	"Day"	-0.643809570869657	0.0306865082824864	0.0732516649323869	"abundance"
"D_0__Bacteria.D_1__Firmicutes.D_2__Clostridia.D_3__Clostridiales.D_4__Ruminococcaceae.D_5__Ruminiclostridium.5"	"Day"	"Day"	-0.456061179886511	0.0376549036265576	0.0889296660116574	"abundance"
"D_0__Bacteria.D_1__Firmicutes.D_2__Clostridia.D_3__Clostridiales.D_4__Lachnospiraceae.D_5__Acetatifactor"	"Diet"	"Keto"	1.55411420049186	0.0391940834180484	0.0915903844084922	"abundance"
"D_0__Bacteria.D_1__Firmicutes.D_2__Clostridia.D_3__Clostridiales.D_4__Ruminococcaceae.D_5__Ruminiclostridium.1"	"Diet"	"Keto"	-0.898993561271351	0.0401148672926279	0.092765630614202	"abundance"
"D_0__Bacteria.D_1__Firmicutes.D_2__Clostridia.D_3__Clostridiales.D_4__Lachnospiraceae.D_5__Dorea"	"Diet"	"Keto"	1.22594193974211	0.0414158258485486	0.0938195238609978	"abundance"
"D_0__Bacteria.D_1__Firmicutes.D_2__Clostridia.D_3__Clostridiales.D_4__Lachnospiraceae.D_5__Marvinbryantia"	"Diet"	"Keto"	-1.92633853387357	0.0410494318714659	0.0938195238609978	"abundance"
"D_0__Bacteria.D_1__Bacteroidetes.D_2__Bacteroidia.D_3__Bacteroidales.D_4__Marinifilaceae.D_5__Butyricimonas"	"Day"	"Day"	0.358632727876629	0.0429920454867368	0.0954423409805557	"abundance"
"D_0__Bacteria.D_1__Firmicutes.D_2__Bacilli.D_3__Lactobacillales.D_4__Lactobacillaceae.D_5__Lactobacillus"	"Diet"	"Keto"	-0.679530132408608	0.0425938576419692	0.0954423409805557	"abundance"
"D_0__Bacteria.D_1__Firmicutes.D_2__Clostridia.D_3__Clostridiales.D_4__Clostridiaceae.1.D_5__Candidatus.Arthromitus"	"Diet"	"Keto"	1.59470672354444	0.0439752468121848	0.0966584632901488	"abundance"
"D_0__Bacteria.D_1__Bacteroidetes.D_2__Bacteroidia.D_3__Bacteroidales.D_4__Muribaculaceae.D_5__uncultured.Bacteroidales.bacterium"	"Diet"	"Keto"	0.817031121502727	0.0459859257095087	0.100087014779519	"abundance"
"D_0__Bacteria.D_1__Firmicutes.D_2__Clostridia.D_3__Clostridiales.D_4__Clostridiales.vadinBB60.group.__"	"Day"	"Day"	-0.410751259371743	0.0494054307727532	0.105461592611069	"abundance"
"D_0__Bacteria.D_1__Firmicutes.D_2__Clostridia.D_3__Clostridiales.D_4__Ruminococcaceae.D_5__Harryflintia"	"Day"	"Day"	-0.437667943189452	0.0490027327290452	0.105461592611069	"abundance"
"D_0__Bacteria.D_1__Firmicutes.D_2__Clostridia.D_3__Clostridiales.D_4__Ruminococcaceae.D_5__Candidatus.Soleaferrea"	"Diet"	"Keto"	1.07103384445102	0.0506775232706726	0.107146763486565	"abundance"
"D_0__Bacteria.D_1__Cyanobacteria.D_2__Melainabacteria.D_3__Gastranaerophilales.D_4__uncultured.bacterium.D_5__uncultured.bacterium"	"Diet"	"Keto"	-1.42381423210706	0.0535211925305076	0.112091554167667	"abundance"
"D_0__Bacteria.D_1__Firmicutes.D_2__Clostridia.D_3__Clostridiales.D_4__Christensenellaceae.__"	"Diet"	"Keto"	-0.509039030687409	0.0553189507857814	0.112667954811408	"abundance"
"D_0__Bacteria.D_1__Firmicutes.D_2__Clostridia.D_3__Clostridiales.D_4__Clostridiales.vadinBB60.group.D_5__uncultured.Clostridia.bacterium"	"Diet"	"Keto"	-0.512007898102416	0.0552925336717763	0.112667954811408	"abundance"
"D_0__Bacteria.D_1__Verrucomicrobia.D_2__Verrucomicrobiae.D_3__Verrucomicrobiales.D_4__Akkermansiaceae.D_5__Akkermansia"	"Diet"	"Keto"	2.56315450408946	0.0545113762895595	0.112667954811408	"abundance"
"D_0__Bacteria.D_1__Firmicutes.D_2__Clostridia.D_3__Clostridiales.D_4__Ruminococcaceae.D_5__Butyricicoccus"	"Diet"	"Keto"	-1.07798278825317	0.0567692605217252	0.114570689416573	"abundance"
"D_0__Bacteria.D_1__Firmicutes.D_2__Clostridia.D_3__Clostridiales.D_4__Ruminococcaceae.D_5__Ruminococcaceae.UCG.005"	"Day"	"Day"	-0.369957786688845	0.0576657235483536	0.115331447096707	"abundance"
"D_0__Bacteria.D_1__Firmicutes.D_2__Clostridia.D_3__Clostridiales.D_4__Ruminococcaceae.D_5__Ruminococcaceae.UCG.004"	"Diet"	"Keto"	-1.93402240713553	0.0587912752333159	0.116532706266037	"abundance"
"D_0__Bacteria.D_1__Firmicutes.D_2__Clostridia.D_3__Clostridiales.D_4__Ruminococcaceae.D_5__GCA.900066225"	"Day"	"Day"	-0.513095440940931	0.076010508343265	0.149330379223052	"abundance"
"D_0__Bacteria.D_1__Bacteroidetes.D_2__Bacteroidia.D_3__Bacteroidales.D_4__Rikenellaceae.D_5__Alistipes"	"Diet"	"Keto"	-0.676988398256449	0.0795554675382046	0.154923805205977	"abundance"
"D_0__Bacteria.D_1__Firmicutes.D_2__Clostridia.D_3__Clostridiales.D_4__Eubacteriaceae.D_5__Anaerofustis"	"Diet"	"Keto"	-0.65828315553775	0.0904690495531221	0.174644600006897	"abundance"
"D_0__Bacteria.D_1__Firmicutes.D_2__Clostridia.D_3__Clostridiales.D_4__Lachnospiraceae.D_5__Tyzzerella.3"	"Diet"	"Keto"	-1.11106482185954	0.0918154398256405	0.175715755528381	"abundance"
"D_0__Bacteria.D_1__Firmicutes.D_2__Clostridia.D_3__Clostridiales.D_4__Lachnospiraceae.D_5__.Eubacterium..ventriosum.group"	"Diet"	"Keto"	0.75234767260053	0.0930811945139293	0.176615599846943	"abundance"
"D_0__Bacteria.D_1__Firmicutes.D_2__Clostridia.D_3__Clostridiales.D_4__Lachnospiraceae.D_5__Tyzzerella"	"Diet"	"Keto"	0.868488077214741	0.0956759494439415	0.180000515055551	"abundance"
"D_0__Bacteria.D_1__Firmicutes.D_2__Clostridia.D_3__Clostridiales.D_4__Ruminococcaceae.D_5__Ruminococcaceae.UCG.005"	"Diet"	"Keto"	-1.14375720324015	0.0989790504417227	0.184649993261029	"abundance"
"D_0__Bacteria.D_1__Bacteroidetes.D_2__Bacteroidia.D_3__Bacteroidales.D_4__Rikenellaceae.D_5__Alistipes"	"Day"	"Day"	-0.226342321092968	0.10203881775737	0.188771812851134	"abundance"
"D_0__Bacteria.D_1__Firmicutes.D_2__Clostridia.D_3__Clostridiales.D_4__Clostridiales.vadinBB60.group.D_5__uncultured.Clostridia.bacterium"	"Day"	"Day"	-0.172169866182575	0.104272862920655	0.19123712030873	"abundance"
"D_0__Bacteria.D_1__Firmicutes.D_2__Clostridia.D_3__Clostridiales.D_4__Lachnospiraceae.D_5__Lachnospiraceae.UCG.001"	"Diet"	"Keto"	-1.63448420053077	0.105094273322816	0.19123712030873	"abundance"
"D_0__Bacteria.D_1__Firmicutes.D_2__Bacilli.D_3__Bacillales.D_4__Staphylococcaceae.D_5__Staphylococcus"	"Day"	"Day"	-0.0360491759934519	0.109992439051595	0.196921947334307	"abundance"
"D_0__Bacteria.D_1__Firmicutes.D_2__Bacilli.D_3__Lactobacillales.D_4__Leuconostocaceae.D_5__Weissella"	"Day"	"Day"	-0.0360491759934519	0.109992439051595	0.196921947334307	"abundance"
"D_0__Bacteria.D_1__Firmicutes.D_2__Clostridia.D_3__Clostridiales.D_4__Family.XIII.D_5__.Eubacterium..nodatum.group"	"Diet"	"Keto"	0.489573092759236	0.112577017874482	0.19993678374508	"abundance"
"D_0__Bacteria.D_1__Tenericutes.D_2__Mollicutes.D_3__Mollicutes.RF39.D_4__uncultured.Firmicutes.bacterium.D_5__uncultured.Firmicutes.bacterium"	"Diet"	"Keto"	-0.138719270428509	0.117689813824078	0.207358243404328	"abundance"
"D_0__Bacteria.D_1__Bacteroidetes.D_2__Bacteroidia.D_3__Bacteroidales.D_4__Muribaculaceae.D_5__uncultured.bacterium"	"Diet"	"Keto"	-0.340719778597687	0.120366108304064	0.210403748374033	"abundance"
"D_0__Bacteria.D_1__Firmicutes.D_2__Clostridia.D_3__Clostridiales.D_4__Lachnospiraceae.D_5__Dorea"	"Day"	"Day"	-0.360863405957318	0.128173788153854	0.222301413829341	"abundance"
"D_0__Bacteria.D_1__Firmicutes.D_2__Clostridia.D_3__Clostridiales.D_4__Lachnospiraceae.__"	"Diet"	"Keto"	0.832677931611664	0.129791686137311	0.223362436608396	"abundance"
"D_0__Bacteria.D_1__Firmicutes.D_2__Clostridia.D_3__Clostridiales.D_4__Lachnospiraceae.D_5__.Eubacterium..xylanophilum.group"	"Diet"	"Keto"	0.967670671309794	0.132342562496221	0.226000375955085	"abundance"
"D_0__Bacteria.D_1__Firmicutes.D_2__Bacilli.D_3__Lactobacillales.D_4__Streptococcaceae.D_5__Streptococcus"	"Day"	"Day"	0.178827557314296	0.140302036428867	0.237763756390904	"abundance"
"D_0__Bacteria.D_1__Firmicutes.D_2__Clostridia.D_3__Clostridiales.D_4__Christensenellaceae.D_5__Christensenellaceae.R.7.group"	"Diet"	"Keto"	-0.529523639425828	0.145897148284136	0.245372476659684	"abundance"
"D_0__Bacteria.D_1__Firmicutes.D_2__Clostridia.D_3__Clostridiales.D_4__Ruminococcaceae.D_5__Harryflintia"	"Diet"	"Keto"	-0.769283687042046	0.147661280344703	0.246472212304693	"abundance"
"D_0__Bacteria.D_1__Proteobacteria.D_2__Alphaproteobacteria.D_3__Rickettsiales.D_4__Mitochondria.__"	"Day"	"Day"	-0.032614638178157	0.15047315363385	0.24929134407996	"abundance"
"D_0__Bacteria.D_1__Firmicutes.D_2__Clostridia.D_3__Clostridiales.D_4__Lachnospiraceae.D_5__Butyrivibrio"	"Diet"	"Keto"	0.352286889888985	0.163540588868357	0.268933412805742	"abundance"
"D_0__Bacteria.D_1__Tenericutes.D_2__Mollicutes.D_3__Mollicutes.RF39.D_4__unidentified.D_5__unidentified"	"Diet"	"Keto"	-0.543828819038488	0.167154984246833	0.272855930167624	"abundance"
"D_0__Bacteria.D_1__Firmicutes.D_2__Clostridia.D_3__Clostridiales.D_4__Lachnospiraceae.D_5__Blautia"	"Day"	"Day"	-0.413745422610617	0.173328743843364	0.280868475425013	"abundance"
"D_0__Bacteria.D_1__Firmicutes.D_2__Clostridia.D_3__Clostridiales.D_4__Ruminococcaceae.__"	"Day"	"Day"	-0.369970268203249	0.176425486703976	0.283814913393353	"abundance"
"D_0__Bacteria.D_1__Firmicutes.D_2__Clostridia.D_3__Clostridiales.__.__"	"Day"	"Day"	-0.268958411858013	0.190715856596022	0.304596547944726	"abundance"
"D_0__Bacteria.D_1__Actinobacteria.D_2__Coriobacteriia.D_3__Coriobacteriales.D_4__Eggerthellaceae.D_5__Parvibacter"	"Day"	"Day"	0.0294989057333506	0.194777632156357	0.305792467027243	"abundance"
"D_0__Bacteria.D_1__Firmicutes.D_2__Clostridia.D_3__Clostridiales.D_4__Lachnospiraceae.D_5__.Ruminococcus..torques.group"	"Day"	"Day"	0.0294989057338428	0.194777632024873	0.305792467027243	"abundance"
"D_0__Bacteria.D_1__Firmicutes.D_2__Erysipelotrichia.D_3__Erysipelotrichales.D_4__Erysipelotrichaceae.D_5__uncultured.bacterium"	"Diet"	"Keto"	0.425136953839143	0.195596983413822	0.305792467027243	"abundance"
"D_0__Bacteria.D_1__Firmicutes.D_2__Clostridia.D_3__Clostridiales.D_4__Lachnospiraceae.D_5__uncultured"	"Diet"	"Keto"	0.735003369386724	0.20472778832543	0.317829153903815	"abundance"
"D_0__Bacteria.D_1__Firmicutes.D_2__Bacilli.D_3__Lactobacillales.D_4__Streptococcaceae.D_5__Streptococcus"	"Diet"	"Keto"	0.302095695886665	0.207196789336249	0.31942838356005	"abundance"
"D_0__Bacteria.D_1__Tenericutes.D_2__Mollicutes.D_3__Mollicutes.RF39.D_4__uncultured.Firmicutes.bacterium.D_5__uncultured.Firmicutes.bacterium"	"Day"	"Day"	-0.0552290521704989	0.214447387246609	0.328326344612049	"abundance"
"D_0__Bacteria.D_1__Firmicutes.D_2__Clostridia.D_3__Clostridiales.__.__"	"Diet"	"Keto"	-0.496543015657907	0.222314065289137	0.338039195165675	"abundance"
"D_0__Bacteria.D_1__Firmicutes.D_2__Bacilli.D_3__Bacillales.D_4__Staphylococcaceae.D_5__Staphylococcus"	"Diet"	"Keto"	-0.0530937963668674	0.23180646141545	0.347709692123174	"abundance"
"D_0__Bacteria.D_1__Firmicutes.D_2__Bacilli.D_3__Lactobacillales.D_4__Leuconostocaceae.D_5__Weissella"	"Diet"	"Keto"	-0.0530937963668674	0.23180646141545	0.347709692123174	"abundance"
"D_0__Bacteria.D_1__Firmicutes.D_2__Clostridia.D_3__Clostridiales.D_4__Peptococcaceae.D_5__Peptococcus"	"Day"	"Day"	0.313174213144126	0.235937085627203	0.3515304228808	"abundance"
"D_0__Bacteria.D_1__Actinobacteria.D_2__Coriobacteriia.D_3__Coriobacteriales.D_4__Eggerthellaceae.__"	"Diet"	"Keto"	-0.396259326253076	0.254305239853417	0.376078828070305	"abundance"
"D_0__Bacteria.D_1__Firmicutes.D_2__Clostridia.D_3__Clostridiales.D_4__Peptococcaceae.D_5__uncultured"	"Day"	"Day"	-0.209892450341514	0.255801365038811	0.376078828070305	"abundance"
"D_0__Bacteria.D_1__Firmicutes.D_2__Clostridia.D_3__Clostridiales.D_4__Lachnospiraceae.D_5__Lachnospiraceae.UCG.006"	"Diet"	"Keto"	-0.74180642327081	0.258685595722688	0.377817120068662	"abundance"
"D_0__Bacteria.D_1__Firmicutes.D_2__Clostridia.D_3__Clostridiales.D_4__Lachnospiraceae.D_5__Lachnospiraceae.UCG.010"	"Day"	"Day"	-0.127942474040394	0.273508907190517	0.396856061413692	"abundance"
"D_0__Bacteria.D_1__Firmicutes.D_2__Clostridia.D_3__Clostridiales.D_4__Ruminococcaceae.D_5__Ruminococcus.1"	"Diet"	"Keto"	0.773133791532664	0.276429369669763	0.398489091342126	"abundance"
"D_0__Bacteria.D_1__Firmicutes.D_2__Clostridia.D_3__Clostridiales.D_4__Lachnospiraceae.D_5__A2"	"Diet"	"Keto"	-0.795967430505331	0.292407389858785	0.418802842249356	"abundance"
"D_0__Bacteria.D_1__Firmicutes.D_2__Bacilli.D_3__Lactobacillales.D_4__Enterococcaceae.D_5__Enterococcus"	"Diet"	"Keto"	0.755587353844274	0.305429072843816	0.432787322897137	"abundance"
"D_0__Bacteria.D_1__Firmicutes.D_2__Clostridia.D_3__Clostridiales.D_4__Clostridiales.vadinBB60.group.D_5__uncultured.Clostridiales.bacterium"	"Diet"	"Keto"	0.273960092314432	0.306070313940768	0.432787322897137	"abundance"
"D_0__Bacteria.D_1__Tenericutes.D_2__Mollicutes.D_3__Mollicutes.RF39.D_4__uncultured.Erysipelotrichia.bacterium.D_5__uncultured.Erysipelotrichia.bacterium"	"Diet"	"Keto"	-0.0464971728756286	0.308152789982429	0.43297417326645	"abundance"
"D_0__Bacteria.D_1__Firmicutes.D_2__Erysipelotrichia.D_3__Erysipelotrichales.D_4__Erysipelotrichaceae.D_5__Turicibacter"	"Diet"	"Keto"	-0.757149916511658	0.316418728222777	0.441792186575198	"abundance"
"D_0__Bacteria.D_1__Actinobacteria.D_2__Coriobacteriia.D_3__Coriobacteriales.D_4__Eggerthellaceae.D_5__Parvibacter"	"Diet"	"Keto"	0.0461899108452665	0.326225953670858	0.449827091397084	"abundance"
"D_0__Bacteria.D_1__Firmicutes.D_2__Clostridia.D_3__Clostridiales.D_4__Lachnospiraceae.D_5__.Ruminococcus..torques.group"	"Diet"	"Keto"	0.0461899108462226	0.326225952668627	0.449827091397084	"abundance"
"D_0__Bacteria.D_1__Firmicutes.D_2__Erysipelotrichia.D_3__Erysipelotrichales.D_4__Erysipelotrichaceae.D_5__Erysipelatoclostridium"	"Day"	"Day"	-0.255162543450096	0.33711494384002	0.461972330447436	"abundance"
"D_0__Bacteria.D_1__Firmicutes.D_2__Clostridia.D_3__Clostridiales.D_4__Family.XIII.D_5__Family.XIII.UCG.001"	"Diet"	"Keto"	-0.446130835783119	0.343640979140698	0.468026364228435	"abundance"
"D_0__Bacteria.D_1__Bacteroidetes.D_2__Bacteroidia.D_3__Bacteroidales.D_4__Tannerellaceae.D_5__Parabacteroides"	"Day"	"Day"	0.216675797297458	0.364449370464276	0.487396146042586	"abundance"
"D_0__Bacteria.D_1__Firmicutes.D_2__Erysipelotrichia.D_3__Erysipelotrichales.D_4__Erysipelotrichaceae.D_5__Turicibacter"	"Day"	"Day"	0.240569118891679	0.364032974793956	0.487396146042586	"abundance"
"D_0__Bacteria.D_1__Proteobacteria.D_2__Gammaproteobacteria.D_3__Betaproteobacteriales.D_4__Burkholderiaceae.D_5__Parasutterella"	"Day"	"Day"	0.360671276814966	0.36418490225569	0.487396146042586	"abundance"
"D_0__Bacteria.D_1__Firmicutes.D_2__Clostridia.D_3__Clostridiales.D_4__Lachnospiraceae.D_5__Lachnospiraceae.UCG.010"	"Diet"	"Keto"	-0.200141197305538	0.386181590140638	0.513367143779771	"abundance"
"D_0__Bacteria.D_1__Proteobacteria.D_2__Gammaproteobacteria.D_3__Betaproteobacteriales.D_4__Burkholderiaceae.D_5__Parasutterella"	"Diet"	"Keto"	1.12521164261755	0.399105099113637	0.527388880971592	"abundance"
"D_0__Bacteria.D_1__Firmicutes.D_2__Clostridia.D_3__Clostridiales.D_4__Lachnospiraceae.D_5__Lachnospiraceae.UCG.004"	"Day"	"Day"	-0.102337627243886	0.407407021659509	0.535173720759829	"abundance"
"D_0__Bacteria.D_1__Proteobacteria.D_2__Deltaproteobacteria.D_3__Desulfovibrionales.D_4__Desulfovibrionaceae.D_5__uncultured"	"Diet"	"Keto"	-0.555504395653599	0.415755425316006	0.542927673059726	"abundance"
"D_0__Bacteria.D_1__Proteobacteria.D_2__Alphaproteobacteria.D_3__Rickettsiales.D_4__Mitochondria.__"	"Diet"	"Keto"	0.0366467878247945	0.432098734876135	0.560970287383052	"abundance"
"D_0__Bacteria.D_1__Firmicutes.D_2__Clostridia.D_3__Clostridiales.D_4__Lachnospiraceae.D_5__Acetatifactor"	"Day"	"Day"	-0.263107973260058	0.479005573641489	0.610609867104943	"abundance"
"D_0__Bacteria.D_1__Firmicutes.D_2__Clostridia.D_3__Clostridiales.D_4__Ruminococcaceae.D_5__Papillibacter"	"Day"	"Day"	-0.0864382697941387	0.474673741614001	0.610609867104943	"abundance"
"D_0__Bacteria.D_1__Firmicutes.D_2__Clostridia.D_3__Clostridiales.D_4__Ruminococcaceae.D_5__Ruminiclostridium"	"Diet"	"Keto"	0.379700758285691	0.479115731063036	0.610609867104943	"abundance"
"D_0__Bacteria.D_1__Firmicutes.D_2__Clostridia.D_3__Clostridiales.D_4__Ruminococcaceae.D_5__Ruminiclostridium.9"	"Day"	"Day"	-0.185246744386548	0.481336606952095	0.610609867104943	"abundance"
"D_0__Bacteria.D_1__Firmicutes.D_2__Clostridia.D_3__Clostridiales.D_4__Family.XIII.D_5__Anaerovorax"	"Diet"	"Keto"	-0.215590258303191	0.486748573008331	0.6139669500446	"abundance"
"D_0__Bacteria.D_1__Firmicutes.D_2__Clostridia.D_3__Clostridiales.D_4__Family.XIII.D_5__Family.XIII.AD3011.group"	"Diet"	"Keto"	0.193336487419919	0.508223284463028	0.631481983481546	"abundance"
"D_0__Bacteria.D_1__Firmicutes.D_2__Clostridia.D_3__Clostridiales.D_4__Lachnospiraceae.D_5__Acetitomaculum"	"Diet"	"Keto"	-0.320362309744286	0.509167905599986	0.631481983481546	"abundance"
"D_0__Bacteria.D_1__Tenericutes.D_2__Mollicutes.D_3__Mollicutes.RF39.D_4__gut.metagenome.D_5__gut.metagenome"	"Day"	"Day"	-0.0942779510372059	0.508635570937099	0.631481983481546	"abundance"
"D_0__Bacteria.D_1__Firmicutes.D_2__Clostridia.D_3__Clostridiales.D_4__Ruminococcaceae.D_5__GCA.900066225"	"Diet"	"Keto"	-0.363826783475731	0.51870239780902	0.639732957297791	"abundance"
"D_0__Bacteria.D_1__Firmicutes.D_2__Clostridia.D_3__Clostridiales.D_4__Lachnospiraceae.D_5__Roseburia"	"Diet"	"Keto"	-0.517785294808331	0.537518416848864	0.659276732267668	"abundance"
"D_0__Bacteria.D_1__Firmicutes.D_2__Clostridia.D_3__Clostridiales.D_4__Clostridiales.vadinBB60.group.__"	"Diet"	"Keto"	-0.312042004567309	0.544474869525488	0.663387972389462	"abundance"
"D_0__Bacteria.D_1__Firmicutes.D_2__Clostridia.D_3__Clostridiales.D_4__Peptococcaceae.D_5__uncultured"	"Diet"	"Keto"	-0.236566649326397	0.546846842104827	0.663387972389462	"abundance"
"D_0__Bacteria.D_1__Firmicutes.D_2__Clostridia.D_3__Clostridiales.D_4__Ruminococcaceae.D_5__Ruminiclostridium.6"	"Diet"	"Keto"	-0.345882324984558	0.570540927218377	0.688370031752607	"abundance"
"D_0__Bacteria.D_1__Firmicutes.D_2__Clostridia.D_3__Clostridiales.D_4__Ruminococcaceae.D_5__Oscillibacter"	"Diet"	"Keto"	0.309666732462744	0.580409464036907	0.696491356844288	"abundance"
"D_0__Bacteria.D_1__Firmicutes.D_2__Clostridia.D_3__DTU014.D_4__uncultured.bacterium.D_5__uncultured.bacterium"	"Diet"	"Keto"	-0.125152922899534	0.588151306786032	0.701987043583328	"abundance"
"D_0__Bacteria.D_1__Firmicutes.D_2__Clostridia.D_3__Clostridiales.D_4__Clostridiaceae.1.D_5__Clostridium.sensu.stricto.1"	"Diet"	"Keto"	0.160833891305631	0.626230656123275	0.743439602456509	"abundance"
"D_0__Bacteria.D_1__Tenericutes.D_2__Mollicutes.D_3__Mollicutes.RF39.D_4__uncultured.Lachnospiraceae.bacterium.D_5__uncultured.Lachnospiraceae.bacterium"	"Diet"	"Keto"	-0.473832988277392	0.634839604696217	0.74965102256681	"abundance"
"D_0__Bacteria.D_1__Firmicutes.D_2__Erysipelotrichia.D_3__Erysipelotrichales.D_4__Erysipelotrichaceae.D_5__Faecalibaculum"	"Diet"	"Keto"	-0.271119474204092	0.654188054036785	0.768411365059081	"abundance"
"D_0__Bacteria.D_1__Proteobacteria.D_2__Gammaproteobacteria.D_3__Enterobacteriales.D_4__Enterobacteriaceae.D_5__Escherichia.Shigella"	"Diet"	"Keto"	0.355185033976222	0.659713739532901	0.770823421980547	"abundance"
"D_0__Bacteria.D_1__Actinobacteria.D_2__Coriobacteriia.D_3__Coriobacteriales.D_4__Eggerthellaceae.D_5__Enterorhabdus"	"Day"	"Day"	0.0547217934575189	0.664109314938362	0.771896690661343	"abundance"
"D_0__Bacteria.D_1__Bacteroidetes.D_2__Bacteroidia.D_3__Bacteroidales.D_4__Bacteroidaceae.D_5__Bacteroides"	"Diet"	"Keto"	-0.129647236743351	0.66860859502875	0.772059773951091	"abundance"
"D_0__Bacteria.D_1__Firmicutes.D_2__Clostridia.D_3__Clostridiales.D_4__Ruminococcaceae.D_5__Ruminococcaceae.UCG.013"	"Diet"	"Keto"	-0.25643496225165	0.671205118795318	0.772059773951091	"abundance"
"D_0__Bacteria.D_1__Firmicutes.D_2__Clostridia.D_3__Clostridiales.D_4__Lachnospiraceae.D_5__Lachnospiraceae.UCG.004"	"Diet"	"Keto"	-0.105016215041117	0.708849909828668	0.811158144236929	"abundance"
"D_0__Bacteria.D_1__Firmicutes.D_2__Clostridia.D_3__Clostridiales.D_4__Lachnospiraceae.D_5__Butyrivibrio"	"Day"	"Day"	0.0249444911934238	0.713339557219017	0.812109649757034	"abundance"
"D_0__Bacteria.D_1__Firmicutes.D_2__Clostridia.D_3__Clostridiales.D_4__Family.XIII.D_5__Anaerovorax"	"Day"	"Day"	-0.0337573510995558	0.746117651163099	0.813225252891046	"abundance"
"D_0__Bacteria.D_1__Firmicutes.D_2__Clostridia.D_3__Clostridiales.D_4__Family.XIII.D_5__.Eubacterium..brachy.group"	"Diet"	"Keto"	0.144126168359988	0.731974577724898	0.813225252891046	"abundance"
"D_0__Bacteria.D_1__Firmicutes.D_2__Clostridia.D_3__Clostridiales.D_4__Ruminococcaceae.D_5__Candidatus.Soleaferrea"	"Day"	"Day"	-0.091518569006927	0.734997819462583	0.813225252891046	"abundance"
"D_0__Bacteria.D_1__Firmicutes.D_2__Clostridia.D_3__Clostridiales.D_4__Ruminococcaceae.D_5__Ruminiclostridium.1"	"Day"	"Day"	0.038992404961199	0.746930100455918	0.813225252891046	"abundance"
"D_0__Bacteria.D_1__Firmicutes.D_2__Clostridia.D_3__Clostridiales.D_4__Ruminococcaceae.D_5__UBA1819"	"Diet"	"Keto"	0.303518068238799	0.721154551646987	0.813225252891046	"abundance"
"D_0__Bacteria.D_1__Firmicutes.D_2__Clostridia.D_3__Clostridiales.D_4__Ruminococcaceae.D_5__.Eubacterium..coprostanoligenes.group"	"Diet"	"Keto"	0.2047045312558	0.747288070224204	0.813225252891046	"abundance"
"D_0__Bacteria.D_1__Firmicutes.D_2__Clostridia.D_3__Clostridiales.D_4__Ruminococcaceae.__"	"Diet"	"Keto"	0.177908104096059	0.740349792614068	0.813225252891046	"abundance"
"D_0__Bacteria.D_1__Tenericutes.D_2__Mollicutes.D_3__Anaeroplasmatales.D_4__Anaeroplasmataceae.D_5__Anaeroplasma"	"Diet"	"Keto"	0.31972049677194	0.74069601661417	0.813225252891046	"abundance"
"D_0__Bacteria.D_1__Tenericutes.D_2__Mollicutes.D_3__Mollicutes.RF39.D_4__uncultured.Erysipelotrichia.bacterium.D_5__uncultured.Erysipelotrichia.bacterium"	"Day"	"Day"	0.00738712622816632	0.74690461409626	0.813225252891046	"abundance"
"D_0__Bacteria.D_1__Firmicutes.D_2__Clostridia.D_3__Clostridiales.D_4__Lachnospiraceae.D_5__GCA.900066575"	"Day"	"Day"	0.0907398389597422	0.798492258989033	0.861939163884098	"abundance"
"D_0__Bacteria.D_1__Firmicutes.D_2__Clostridia.D_3__Clostridiales.D_4__Ruminococcaceae.D_5__Papillibacter"	"Diet"	"Keto"	-0.0638947062357984	0.799817422342902	0.861939163884098	"abundance"
"D_0__Bacteria.D_1__Tenericutes.D_2__Mollicutes.D_3__Mollicutes.RF39.D_4__uncultured.Lachnospiraceae.bacterium.D_5__uncultured.Lachnospiraceae.bacterium"	"Day"	"Day"	-0.0801887200516988	0.806216946083191	0.864638463915307	"abundance"
"D_0__Bacteria.D_1__Firmicutes.D_2__Clostridia.D_3__Clostridiales.D_4__Christensenellaceae.D_5__uncultured"	"Day"	"Day"	-0.0362255856606357	0.830294430887704	0.87773982693843	"abundance"
"D_0__Bacteria.D_1__Firmicutes.D_2__Clostridia.D_3__Clostridiales.D_4__Lachnospiraceae.D_5__A2"	"Day"	"Day"	0.063742563476973	0.827855473190494	0.87773982693843	"abundance"
"D_0__Bacteria.D_1__Firmicutes.D_2__Clostridia.D_3__Clostridiales.D_4__Ruminococcaceae.D_5__Ruminococcaceae.UCG.004"	"Day"	"Day"	0.0714804512349157	0.828152494031951	0.87773982693843	"abundance"
"D_0__Bacteria.D_1__Firmicutes.D_2__Clostridia.D_3__Clostridiales.D_4__Ruminococcaceae.D_5__Ruminococcaceae.UCG.010"	"Diet"	"Keto"	0.157448700262855	0.839263181327107	0.878851067238763	"abundance"
"D_0__Bacteria.D_1__Firmicutes.D_2__Clostridia.D_3__Clostridiales.D_4__Ruminococcaceae.D_5__uncultured"	"Day"	"Day"	0.0683701141204499	0.838401287215866	0.878851067238763	"abundance"
"D_0__Bacteria.D_1__Firmicutes.D_2__Clostridia.D_3__Clostridiales.D_4__Ruminococcaceae.D_5__Intestinimonas"	"Diet"	"Keto"	-0.124134712559261	0.861298915614585	0.893497005917934	"abundance"
"D_0__Bacteria.D_1__Firmicutes.D_2__Clostridia.D_3__Clostridiales.D_4__Ruminococcaceae.D_5__Negativibacillus"	"Diet"	"Keto"	-0.0428494345264914	0.860584608040133	0.893497005917934	"abundance"
"D_0__Bacteria.D_1__Firmicutes.D_2__Clostridia.D_3__Clostridiales.D_4__Lachnospiraceae.D_5__Blautia"	"Diet"	"Keto"	0.0997273640463339	0.867043768290557	0.895273100281412	"abundance"
"D_0__Bacteria.D_1__Firmicutes.D_2__Clostridia.D_3__Clostridiales.D_4__Ruminococcaceae.D_5__UBA1819"	"Day"	"Day"	0.0575332706710086	0.871231865633201	0.895432750789679	"abundance"
"D_0__Bacteria.D_1__Firmicutes.D_2__Clostridia.D_3__Clostridiales.D_4__Lachnospiraceae.D_5__Lachnoclostridium"	"Diet"	"Keto"	-0.094466524778312	0.884211114974368	0.90458464296917	"abundance"
"D_0__Bacteria.D_1__Actinobacteria.D_2__Coriobacteriia.D_3__Coriobacteriales.D_4__Eggerthellaceae.D_5__Gordonibacter"	"Diet"	"Keto"	-0.0255269732110774	0.899651435696652	0.91197542796647	"abundance"
"D_0__Bacteria.D_1__Firmicutes.D_2__Clostridia.D_3__Clostridiales.D_4__Ruminococcaceae.D_5__Ruminococcaceae.UCG.009"	"Diet"	"Keto"	-0.0721363477561744	0.898088435609262	0.91197542796647	"abundance"
"D_0__Bacteria.D_1__Firmicutes.D_2__Clostridia.D_3__Clostridiales.D_4__Ruminococcaceae.D_5__Ruminiclostridium"	"Day"	"Day"	0.0320664810998888	0.905423469564957	0.913654592015547	"abundance"
"D_0__Bacteria.D_1__Bacteroidetes.D_2__Bacteroidia.D_3__Bacteroidales.D_4__Muribaculaceae.__"	"Diet"	"Keto"	-0.0401370943428933	0.929046617405887	0.933250448253878	"abundance"
"D_0__Bacteria.D_1__Firmicutes.D_2__Clostridia.D_3__DTU014.D_4__uncultured.bacterium.D_5__uncultured.bacterium"	"Day"	"Day"	0.00404163020364244	0.957636583729548	0.957636583729548	"abundance"
